iteration,increment,bellman_residual,apriori_error_bound,posterior_error_bound
1,5.0,3.25,15.0,13.0
2,3.25,2.28125,11.25,9.125
3,2.28125,1.662109375,8.4375,6.6484375
4,1.662109375,1.2313232421875,6.328125,4.92529296875
5,1.2313232421875,0.9187240600585938,4.74609375,3.674896240234375
6,0.9187240600585938,0.6875529289245605,3.5595703125,2.750211715698242
7,0.6875529289245605,0.5151990354061127,2.669677734375,2.0607961416244507
8,0.5151990354061127,0.38625375740230083,2.00225830078125,1.5450150296092033
9,0.38625375740230083,0.289644843316637,1.5016937255859375,1.158579373266548
10,0.289644843316637,0.21721942163276253,1.1262702941894531,0.8688776865310501
11,0.21721942163276253,0.1629101253324734,0.8447027206420898,0.6516405013298936
12,0.1629101253324734,0.12218120622057427,0.6335270404815674,0.48872482488229707
13,0.12218120622057427,0.09163547098455993,0.47514528036117554,0.3665418839382397
14,0.09163547098455993,0.0687264677131516,0.35635896027088165,0.2749058708526064
15,0.0687264677131516,0.05154480843321352,0.26726922020316124,0.20617923373285407
16,0.05154480843321352,0.03865859309001962,0.20045191515237093,0.1546343723600785
17,0.03865859309001962,0.02899394068161243,0.1503389363642782,0.11597576272644972
18,0.02899394068161243,0.021745454218741855,0.11275420227320865,0.08698181687496742
19,0.021745454218741855,0.016309090260158143,0.08456565170490649,0.06523636104063257
20,0.016309090260158143,0.012231817568899572,0.06342423877867986,0.04892727027559829
21,0.012231817568899572,0.009173863137235116,0.0475681790840099,0.036695452548940466
22,0.009173863137235116,0.006880397340598421,0.035676134313007424,0.027521589362393684
23,0.006880397340598421,0.005160298001598562,0.026757100734755568,0.02064119200639425
24,0.005160298001598562,0.0038702234999945517,0.020067825551066676,0.015480893999978207
25,0.0038702234999945517,0.00290266762461755,0.015050869163300007,0.0116106704984702
26,0.00290266762461755,0.002177000718347699,0.011288151872475005,0.008708002873390797
27,0.002177000718347699,0.0016327505387252472,0.008466113904356254,0.006531002154900989
28,0.0016327505387252472,0.0012245629040297246,0.00634958542826719,0.004898251616118898
29,0.0012245629040297246,0.0009184221780209612,0.004762189071200393,0.0036736887120838446
30,0.0009184221780209612,0.0006888166335130563,0.0035716418034002946,0.0027552665340522253
31,0.0006888166335130563,0.000516612475138345,0.002678731352550221,0.00206644990055338
32,0.000516612475138345,0.0003874593563537587,0.0020090485144126655,0.0015498374254150349
33,0.0003874593563537587,0.00029059451726531904,0.0015067863858094993,0.0011623780690612762
34,0.00029059451726531904,0.00021794588795032155,0.0011300897893571243,0.0008717835518012862
35,0.00021794588795032155,0.00016345941596185298,0.0008475673420178433,0.0006538376638474119
36,0.00016345941596185298,0.00012259456197227792,0.0006356755065133826,0.0004903782478891117
37,0.00012259456197227792,9.194592147920844e-5,0.00047675662988503687,0.00036778368591683375
38,9.194592147920844e-5,6.89594411102945e-5,0.0003575674724137776,0.000275837764441178
39,6.89594411102945e-5,5.171958083138861e-5,0.0002681756043103333,0.00020687832332555445
40,5.171958083138861e-5,3.8789685625317816e-5,0.00020113170323274993,0.00015515874250127126
41,3.8789685625317816e-5,2.909226422076472e-5,0.00015084877742456247,0.00011636905688305887
42,2.909226422076472e-5,2.1819198163797182e-5,0.00011313658306842184,8.727679265518873e-5
43,2.1819198163797182e-5,1.6364398623736065e-5,8.485243730131637e-5,6.545759449494426e-5
44,1.6364398623736065e-5,1.227329896735796e-5,6.363932797598729e-5,4.909319586943184e-5
45,1.227329896735796e-5,9.204974226406648e-6,4.772949598199046e-5,3.681989690562659e-5
46,9.204974226406648e-6,6.903730671581343e-6,3.579712198649285e-5,2.761492268632537e-5
47,6.903730671581343e-6,5.177798003686007e-6,2.6847841489869636e-5,2.071119201474403e-5
48,5.177798003686007e-6,3.883348501432238e-6,2.013588111740223e-5,1.553339400572895e-5
49,3.883348501432238e-6,2.9125113769623567e-6,1.510191083805167e-5,1.1650045507849427e-5
50,2.9125113769623567e-6,2.1843835327217676e-6,1.1326433128538751e-5,8.73753413088707e-6
51,2.1843835327217676e-6,1.6382876495413257e-6,8.494824846404064e-6,6.553150598165303e-6
52,1.6382876495413257e-6,1.228715738932351e-6,6.371118634803048e-6,4.914862955729404e-6
53,1.228715738932351e-6,9.215368024229065e-7,4.778338976102286e-6,3.686147209691626e-6
54,9.215368024229065e-7,6.911526035935367e-7,3.583754232076715e-6,2.7646104143741468e-6
55,6.911526035935367e-7,5.183644535833309e-7,2.687815674057536e-6,2.0734578143333238e-6
56,5.183644535833309e-7,3.887733406315874e-7,2.015861755543152e-6,1.5550933625263497e-6
57,3.887733406315874e-7,2.9158000458551214e-7,1.5118963166573641e-6,1.1663200183420486e-6
58,2.9158000458551214e-7,2.1868500432731253e-7,1.133922237493023e-6,8.747400173092501e-7
59,2.1868500432731253e-7,1.6401375546593044e-7,8.504416781197673e-7,6.560550218637218e-7
60,1.6401375546593044e-7,1.2301031659944783e-7,6.378312585898254e-7,4.920412663977913e-7
61,1.2301031659944783e-7,9.225773744958587e-8,4.78373443942369e-7,3.690309497983435e-7
62,9.225773744958587e-8,6.919330175492178e-8,3.5878008295677683e-7,2.767732070196871e-7
63,6.919330175492178e-8,5.189497898072659e-8,2.690850622175826e-7,2.0757991592290637e-7
64,5.189497898072659e-8,3.8921232459188104e-8,2.0181379666318695e-7,1.5568492983675242e-7
65,3.8921232459188104e-8,2.9190925232569498e-8,1.5136034749739023e-7,1.1676370093027799e-7
66,2.9190925232569498e-8,2.1893194812605543e-8,1.1352026062304266e-7,8.757277925042217e-8
67,2.1893194812605543e-8,1.6419896553543367e-8,8.514019546728199e-8,6.567958621417347e-8
68,1.6419896553543367e-8,1.2314922415157525e-8,6.38551466004615e-8,4.92596896606301e-8
69,1.2314922415157525e-8,9.236192255457354e-9,4.789135995034612e-8,3.6944769021829416e-8
70,9.236192255457354e-9,6.927145079771435e-9,3.591851996275959e-8,2.770858031908574e-8
71,6.927145079771435e-9,5.195360586185416e-9,2.6938889972069696e-8,2.0781442344741663e-8
72,5.195360586185416e-9,3.896518663282222e-9,2.020416747905227e-8,1.558607465312889e-8
73,3.896518663282222e-9,2.922391217907716e-9,1.5153125609289202e-8,1.1689564871630864e-8
74,2.922391217907716e-9,2.191793413430787e-9,1.1364844206966902e-8,8.767173653723148e-9
75,2.191793413430787e-9,1.6438441718946706e-9,8.523633155225176e-9,6.575376687578682e-9
76,1.6438441718946706e-9,1.2328840170994226e-9,6.392724866418883e-9,4.9315360683976905e-9
77,1.2328840170994226e-9,9.246647891814064e-10,4.794543649814162e-9,3.6986591567256255e-9
78,9.246647891814064e-10,6.934985918860548e-10,3.595907737360621e-9,2.773994367544219e-9
79,6.934985918860548e-10,5.201243880037509e-10,2.696930803020466e-9,2.0804975520150037e-9
80,5.201243880037509e-10,3.900932910028132e-10,2.0226981022653498e-9,1.5603731640112528e-9
81,3.900932910028132e-10,2.9256952416290005e-10,1.5170235766990123e-9,1.1702780966516002e-9
82,2.9256952416290005e-10,2.1942803130059474e-10,1.1377676825242592e-9,8.77712125202379e-10
83,2.1942803130059474e-10,1.645705793862362e-10,8.533257618931942e-10,6.582823175449448e-10
84,1.645705793862362e-10,1.23428378628887e-10,6.399943214198958e-10,4.93713514515548e-10
85,1.23428378628887e-10,9.257128397166525e-11,4.799957410649219e-10,3.70285135886661e-10
86,9.257128397166525e-11,6.942890706795879e-11,3.599968057986913e-10,2.7771562827183516e-10
