scenario_id,axis,level,axis_value,belief_index,coordinate,success_probability,continue_value,research_value,research_advantage,action
cost-low,cost,low,0.08,1,0.0,0.09548687999931915,2.332022544096869,2.0289524056807475,-0.3030701384161216,continue
cost-low,cost,low,0.08,2,0.016666666666666666,0.11137103411077165,2.3641111204521845,2.101917745158918,-0.2621933752932666,continue
cost-low,cost,low,0.08,3,0.03333333333333333,0.12375994072982394,2.3983788728516,2.165788420408217,-0.23259045244338283,continue
cost-low,cost,low,0.08,4,0.05,0.13600582415102874,2.4347633781063553,2.230839863596788,-0.20392351450956747,continue
cost-low,cost,low,0.08,5,0.06666666666666667,0.14717489451572713,2.473162651322761,2.2940738514526027,-0.17908879987015824,continue
cost-low,cost,low,0.08,6,0.08333333333333333,0.16018193559213745,2.513439268773559,2.3643460525985778,-0.14909321617498117,continue
cost-low,cost,low,0.08,7,0.1,0.17612242877214412,2.5554267961665404,2.4448511967853404,-0.1105755993812001,continue
cost-low,cost,low,0.08,8,0.11666666666666667,0.1921643078324491,2.5989378616385577,2.5266626516190787,-0.07227521001947901,continue
cost-low,cost,low,0.08,9,0.13333333333333333,0.20439337838283295,2.6437730547824185,2.597571000361369,-0.04620205442104952,continue
cost-low,cost,low,0.08,10,0.15,0.21873317641603707,2.689729816188444,2.675618515287663,-0.014111300900781387,continue
cost-low,cost,low,0.08,11,0.16666666666666666,0.23071193908383975,2.7366105877117715,2.7469203769999293,0.010309789288157845,research
cost-low,cost,low,0.08,12,0.18333333333333332,0.24436928057104224,2.784229678680406,2.823704365537814,0.03947468685740807,research
cost-low,cost,low,0.08,13,0.2,0.26045391925429784,2.832418517623969,2.9080863215086508,0.07566780388468164,research
cost-low,cost,low,0.08,14,0.21666666666666667,0.2758568548719828,2.881029161719642,2.990453622292307,0.10942446057266508,research
cost-low,cost,low,0.08,15,0.23333333333333334,0.2892714587652356,2.929936102508271,3.066766573639931,0.13683047113166014,research
cost-low,cost,low,0.08,16,0.25,0.30372411369146535,2.9790365284177915,3.146150030908476,0.16711350249068424,research
cost-low,cost,low,0.08,17,0.26666666666666666,0.31636166749143146,3.028249285317882,3.21991794865094,0.1916686633330582,research
cost-low,cost,low,0.08,18,0.2833333333333333,0.330823918344627,3.0775128235588785,3.299026042938787,0.22151321937990875,research
cost-low,cost,low,0.08,19,0.3,0.3471840307241996,3.126782441426032,3.3836260608512245,0.2568436194251924,research
cost-low,cost,low,0.08,20,0.31666666666666665,0.3605756378332771,3.17602713588814,3.4590841445472003,0.28305700865906047,research
cost-low,cost,low,0.08,21,0.3333333333333333,0.37287456540767583,3.225226354564502,3.5310597068865133,0.30583335232201136,research
cost-low,cost,low,0.08,22,0.35,0.384148684849605,3.274366909205146,3.5997732361688266,0.32540632696368066,research
cost-low,cost,low,0.08,23,0.36666666666666664,0.3997021369550133,3.3234402620588455,3.6810132810525014,0.3575730189936559,research
cost-low,cost,low,0.08,24,0.38333333333333336,0.4111861800246531,3.3724403350527856,3.7499254384862315,0.3774851034334459,research
cost-low,cost,low,0.08,25,0.4,0.42322011897700507,3.4213619224213394,3.8202638235875592,0.3989019011662198,research
cost-low,cost,low,0.08,26,0.4166666666666667,0.43912630472720376,3.470199716744637,3.901822888254981,0.4316231715103438,research
cost-low,cost,low,0.08,27,0.43333333333333335,0.4534109194543865,3.5189478936802385,3.9783437124130794,0.45939581873284085,research
cost-low,cost,low,0.08,28,0.45,0.46739899706854554,3.567600149128557,4.053753151188602,0.4861530020600444,research
cost-low,cost,low,0.08,29,0.4666666666666667,0.48037051857252827,3.6161500497492693,4.1259473691525335,0.5097973194032641,research
cost-low,cost,low,0.08,30,0.48333333333333334,0.4949430052542562,3.664591546577046,4.202602227387876,0.5380106808108303,research
cost-low,cost,low,0.08,31,0.5,0.5108328775246992,3.712919511621061,4.282859825986679,0.5699403143656183,research
cost-low,cost,low,0.08,32,0.5166666666666667,0.5223201811245386,3.761130185125013,4.350044962982357,0.5889147778573443,research
cost-low,cost,low,0.08,33,0.5333333333333333,0.535713256379131,3.809221460307424,4.422570430336323,0.6133489700288992,research
cost-low,cost,low,0.08,34,0.55,0.5477467424802418,3.857192975116467,4.4909386614141615,0.6337456862976945,research
cost-low,cost,low,0.08,35,0.5666666666666667,0.5617550770296114,3.9050460190542555,4.564823238137639,0.6597772190833835,research
cost-low,cost,low,0.08,36,0.5833333333333334,0.5767042384133039,3.952783291175745,4.6412077708521515,0.6884244796764065,research
cost-low,cost,low,0.08,37,0.6,0.5892826739587312,4.000408559294651,4.710542707442874,0.7101341481482235,research
cost-low,cost,low,0.08,38,0.6166666666666667,0.6036328048001381,4.047926269749545,4.784781306033623,0.7368550362840782,research
cost-low,cost,low,0.08,39,0.6333333333333333,0.6172152401838825,4.0953411443002405,4.8566131148481695,0.7612719705479289,research
cost-low,cost,low,0.08,40,0.65,0.6288805756629942,4.1426577804684745,4.922765714097339,0.7801079336288641,research
cost-low,cost,low,0.08,41,0.6666666666666666,0.6455914541271902,4.189880249340089,5.003165758805411,0.813285509465322,research
cost-low,cost,low,0.08,42,0.6833333333333333,0.6585221627130922,4.237011665302583,5.072567382624626,0.8355557173220429,research
cost-low,cost,low,0.08,43,0.7,0.6699849652278976,4.284053688408251,5.137615640086392,0.8535619516781408,research
cost-low,cost,low,0.08,44,0.7166666666666667,0.6813510665395399,4.331005912761701,5.20222900610649,0.8712230933447893,research
cost-low,cost,low,0.08,45,0.7333333333333333,0.696858279427878,4.377865092371422,5.278418745019712,0.9005536526482896,research
cost-low,cost,low,0.08,46,0.75,0.7133627057651477,4.424624157451096,5.3572186001199,0.9325944426688038,research
cost-low,cost,low,0.08,47,0.7666666666666667,0.7275269863363849,4.471270978433834,5.429181395467136,0.9579104170333022,research
cost-low,cost,low,0.08,48,0.7833333333333333,0.7417117582708226,4.5177868438692945,5.500985568012737,0.9831987241434428,research
cost-low,cost,low,0.08,49,0.8,0.753937946211948,4.56414463719118,5.5670450806683895,1.00290044347721,research
cost-low,cost,low,0.08,50,0.8166666666666667,0.7658531902859276,4.610306733822052,5.631990918709656,1.0216841848876044,research
cost-low,cost,low,0.08,51,0.8333333333333334,0.7786305872271734,4.656222701496876,5.699080066940894,1.0428573654440179,research
cost-low,cost,low,0.08,52,0.85,0.7909692169330425,4.701826975162054,5.764612581545771,1.0627856063837173,research
cost-low,cost,low,0.08,53,0.8666666666666667,0.806952031668809,4.747036785188173,5.839938063612194,1.092901278424021,research
cost-low,cost,low,0.08,54,0.8833333333333333,0.8212451831359248,4.791750722120896,5.910058542375213,1.1183078202543175,research
cost-low,cost,low,0.08,55,0.9,0.8350923522654333,4.835848388432927,5.978372398338351,1.142524009905424,research
cost-low,cost,low,0.08,56,0.9166666666666666,0.8489118396004225,4.879191578381715,6.045947409782512,1.1667558314007973,research
cost-low,cost,low,0.08,57,0.9333333333333333,0.862164730730568,4.921627310495816,6.111177691199634,1.1895503807038184,research
cost-low,cost,low,0.08,58,0.95,0.8787886157532733,4.962992807552332,6.184858225975649,1.2218654184233166,research
cost-low,cost,low,0.08,59,0.9666666666666667,0.8900301589998373,5.003122206420526,6.2426214598129075,1.2394992533923812,research
cost-low,cost,low,0.08,60,0.9833333333333333,0.9032597496949837,5.0418544503329885,6.304771814992815,1.2629173646598266,research
cost-low,cost,low,0.08,61,1.0,0.9199999999999999,5.079041553268424,6.375379564263942,1.2963380109955178,research
cost-baseline,cost,baseline,0.18,1,0.0,0.09548687999931915,2.2121120712534768,1.8400147170326349,-0.3720973542208419,continue
cost-baseline,cost,baseline,0.18,2,0.016666666666666666,0.11137103411077165,2.242086479860159,1.9130013484094353,-0.32908513145072393,continue
cost-baseline,cost,baseline,0.18,3,0.03333333333333333,0.12375994072982394,2.2741923738245022,1.9765583284884085,-0.2976340453360937,continue
cost-baseline,cost,baseline,0.18,4,0.05,0.13600582415102874,2.3084125978317673,2.0413234662143895,-0.2670891316173778,continue
cost-baseline,cost,baseline,0.18,5,0.06666666666666667,0.14717489451572713,2.344695110721689,2.104234369483782,-0.24046074123790673,continue
cost-baseline,cost,baseline,0.18,6,0.08333333333333333,0.16018193559213745,2.3829541384280075,2.174487361525914,-0.20846677690209336,continue
cost-baseline,cost,baseline,0.18,7,0.1,0.17612242877214412,2.4230732681501044,2.2554358521567304,-0.167637415993374,continue
cost-baseline,cost,baseline,0.18,8,0.11666666666666667,0.1921643078324491,2.4649102137565633,2.3378793511080813,-0.12703086264848196,continue
cost-baseline,cost,baseline,0.18,9,0.13333333333333333,0.20439337838283295,2.508302828625761,2.4091905730123546,-0.09911225561340631,continue
cost-baseline,cost,baseline,0.18,10,0.15,0.21873317641603707,2.5530758585707813,2.4880726885011972,-0.06500317006958412,continue
cost-baseline,cost,baseline,0.18,11,0.16666666666666666,0.23071193908383975,2.599047912893734,2.5601436118404575,-0.03890430105327658,continue
cost-baseline,cost,baseline,0.18,12,0.18333333333333332,0.24436928057104224,2.6460381710290335,2.63807853189444,-0.0079596391345933,continue
cost-baseline,cost,baseline,0.18,13,0.2,0.26045391925429784,2.693872416079469,2.724068115860788,0.030195699781319085,research
cost-baseline,cost,baseline,0.18,14,0.21666666666666667,0.2758568548719828,2.742388078221193,2.808128910288518,0.06574083206732473,research
cost-baseline,cost,baseline,0.18,15,0.23333333333333334,0.2892714587652356,2.7914380702157158,2.8860502799866907,0.09461220977097495,research
cost-baseline,cost,baseline,0.18,16,0.25,0.30372411369146535,2.840893299316211,2.967277675498691,0.1263843761824801,research
cost-baseline,cost,baseline,0.18,17,0.26666666666666666,0.31636166749143146,2.8906438420748137,3.0427786169254505,0.15213477485063676,research
cost-baseline,cost,baseline,0.18,18,0.2833333333333333,0.330823918344627,2.9405988673443906,3.123898016249078,0.18329914890468757,research
cost-baseline,cost,baseline,0.18,19,0.3,0.3471840307241996,2.990685482038173,3.210772120715439,0.22008663867726597,research
cost-baseline,cost,baseline,0.18,20,0.31666666666666665,0.3605756378332771,3.0408467459156605,3.288205284146007,0.2473585382303467,research
cost-baseline,cost,baseline,0.18,21,0.3333333333333333,0.37287456540767583,3.0910391477121437,3.362054894347021,0.27101574663487726,research
cost-baseline,cost,baseline,0.18,22,0.35,0.384148684849605,3.141229849502257,3.4325392768519367,0.2913094273496797,research
cost-baseline,cost,baseline,0.18,23,0.36666666666666664,0.3997021369550133,3.1913939875466113,3.5160142619940498,0.32462027444743846,research
cost-baseline,cost,baseline,0.18,24,0.38333333333333336,0.4111861800246531,3.241512269137249,3.5867097896865894,0.3451975205493403,research
cost-baseline,cost,baseline,0.18,25,0.4,0.42322011897700507,3.291569033749959,3.658877043541442,0.36730800979148315,research
cost-baseline,cost,baseline,0.18,26,0.4166666666666667,0.43912630472720376,3.3415508639265483,3.7426551671273782,0.4011043032008299,research
cost-baseline,cost,baseline,0.18,27,0.43333333333333335,0.4534109194543865,3.3914457488292187,3.821196862713274,0.4297511138840555,research
cost-baseline,cost,baseline,0.18,28,0.45,0.46739899706854554,3.4412427326430945,3.8985687200552515,0.4573259874121569,research
cost-baseline,cost,baseline,0.18,29,0.4666666666666667,0.48037051857252827,3.4909319296660737,3.972592407173129,0.48166047750705543,research
cost-baseline,cost,baseline,0.18,30,0.48333333333333334,0.4949430052542562,3.5405047628453143,4.051212090962922,0.5107073281176078,research
cost-baseline,cost,baseline,0.18,31,0.5,0.5108328775246992,3.5899542830786224,4.133536377437967,0.543582094359345,research
cost-baseline,cost,baseline,0.18,32,0.5166666666666667,0.5223201811245386,3.63927544896966,4.202314773379795,0.563039324410135,research
cost-baseline,cost,baseline,0.18,33,0.5333333333333333,0.535713256379131,3.6884652838374383,4.27659672694113,0.5881314431036917,research
cost-baseline,cost,baseline,0.18,34,0.55,0.5477467424802418,3.7375228698211527,4.346559281557182,0.6090364117360294,research
cost-baseline,cost,baseline,0.18,35,0.5666666666666667,0.5617550770296114,3.786449179082873,4.422204178479453,0.6357549993965801,research
cost-baseline,cost,baseline,0.18,36,0.5833333333333334,0.5767042384133039,3.8352467722414123,4.500410548408976,0.6651637761675633,research
cost-baseline,cost,baseline,0.18,37,0.6,0.5892826739587312,3.88391941000582,4.571310535677715,0.687391125671895,research
cost-baseline,cost,baseline,0.18,38,0.6166666666666667,0.6036328048001381,3.9324716247013396,4.64725611029257,0.7147844855912306,research
cost-baseline,cost,baseline,0.18,39,0.6333333333333333,0.6172152401838825,3.9809082864144876,4.720694528551055,0.7397862421365677,research
cost-baseline,cost,baseline,0.18,40,0.65,0.6288805756629942,4.0292341785540415,4.788248878581394,0.7590147000273522,research
cost-baseline,cost,baseline,0.18,41,0.6666666666666666,0.6455914541271902,4.0774535753545855,4.870492880088905,0.7930393047343198,research
cost-baseline,cost,baseline,0.18,42,0.6833333333333333,0.6585221627130922,4.125569794237344,4.941362340750684,0.8157925465133404,research
cost-baseline,cost,baseline,0.18,43,0.7,0.6699849652278976,4.173584682150995,5.007721365074585,0.8341366829235897,research
cost-baseline,cost,baseline,0.18,44,0.7166666666666667,0.6813510665395399,4.2214979878458765,5.073615447652976,0.8521174598070997,research
cost-baseline,cost,baseline,0.18,45,0.7333333333333333,0.696858279427878,4.269306570316483,5.151433678949742,0.8821271086332585,research
cost-baseline,cost,baseline,0.18,46,0.75,0.7133627057651477,4.317003395484319,5.231923138428709,0.9149197429443898,research
cost-baseline,cost,baseline,0.18,47,0.7666666666666667,0.7275269863363849,4.36457627774491,5.305342825623445,0.9407665478785345,research
cost-baseline,cost,baseline,0.18,48,0.7833333333333333,0.7417117582708226,4.412006332146754,5.378581640859474,0.96657530871272,research
cost-baseline,cost,baseline,0.18,49,0.8,0.753937946211948,4.4592661220554835,5.445883649945714,0.9866175278902309,research
cost-baseline,cost,baseline,0.18,50,0.8166666666666667,0.7658531902859276,4.506317524081828,5.51202495051126,1.0057074264294323,research
cost-baseline,cost,baseline,0.18,51,0.8333333333333334,0.7786305872271734,4.55310939426689,5.580362638479031,1.0272532442121403,research
cost-baseline,cost,baseline,0.18,52,0.85,0.7909692169330425,4.5995752092605375,5.647086092854746,1.0475108835942084,research
cost-baseline,cost,baseline,0.18,53,0.8666666666666667,0.806952031668809,4.645630965278171,5.723885589853515,1.0782546245753437,research
cost-baseline,cost,baseline,0.18,54,0.8833333333333333,0.8212451831359248,4.691173723855762,5.795316071592603,1.1041423477368406,research
cost-baseline,cost,baseline,0.18,55,0.9,0.8350923522654333,4.736081261914677,5.8648814613709535,1.1288001994562764,research
cost-baseline,cost,baseline,0.18,56,0.9166666666666666,0.8489118396004225,4.780213274345332,5.933684760883925,1.153471486538593,research
cost-baseline,cost,baseline,0.18,57,0.9333333333333333,0.862164730730568,4.8234144590119135,6.000077191439032,1.1766627324271184,research
cost-baseline,cost,baseline,0.18,58,0.95,0.8787886157532733,4.8655195807445,6.075170036881984,1.2096504561374832,research
cost-baseline,cost,baseline,0.18,59,0.9666666666666667,0.8900301589998373,4.906360293235361,6.133895928202476,1.227535634967115,research
cost-baseline,cost,baseline,0.18,60,0.9833333333333333,0.9032597496949837,4.945773162389311,6.19714997415967,1.251376811770359,research
cost-baseline,cost,baseline,0.18,61,1.0,0.9199999999999999,4.983608067307907,6.269119127584932,1.2855110602770248,research
cost-high,cost,high,0.32,1,0.0,0.09548687999931915,2.056839713096937,1.584849091229285,-0.47199062186765217,continue
cost-high,cost,high,0.32,2,0.016666666666666666,0.11137103411077165,2.083906594593833,1.6577395015571057,-0.4261670930367274,continue
cost-high,cost,high,0.32,3,0.03333333333333333,0.12375994072982394,2.1129407829842255,1.7206963436058655,-0.39224443937835995,continue
cost-high,cost,high,0.32,4,0.05,0.13600582415102874,2.1439705773821403,1.7848203689090718,-0.35915020847306844,continue
cost-high,cost,high,0.32,5,0.06666666666666667,0.14717489451572713,2.1770009606859078,1.8469630689052268,-0.330037891780681,continue
cost-high,cost,high,0.32,6,0.08333333333333333,0.16018193559213745,2.2120124069498655,1.9167681991995822,-0.29524420775028326,continue
cost-high,cost,high,0.32,7,0.1,0.17612242877214412,2.248960506536827,1.9978088208474005,-0.2511516856894265,continue
cost-high,cost,high,0.32,8,0.11666666666666667,0.1921643078324491,2.2877764591877323,2.080541476340835,-0.20723498284689734,continue
cost-high,cost,high,0.32,9,0.13333333333333333,0.20439337838283295,2.328368468956314,2.1518018592445998,-0.17656660971171423,continue
cost-high,cost,high,0.32,10,0.15,0.21873317641603707,2.370624052648752,2.2311869833479117,-0.1394370693008402,continue
cost-high,cost,high,0.32,11,0.16666666666666666,0.23071193908383975,2.414413232878809,2.303673062767883,-0.11074017011092563,continue
cost-high,cost,high,0.32,12,0.18333333333333332,0.24436928057104224,2.4595925223896122,2.382553603009482,-0.07703891938013019,continue
cost-high,cost,high,0.32,13,0.2,0.26045391925429784,2.5060095228956714,2.4701428374360566,-0.0358666854596148,continue
cost-high,cost,high,0.32,14,0.21666666666666667,0.2758568548719828,2.5535078748208373,2.555972340563463,0.002464465742625599,research
cost-high,cost,high,0.32,15,0.23333333333333334,0.2892714587652356,2.6019322253003567,2.6356067655627244,0.033674540262367714,research
cost-high,cost,high,0.32,16,0.25,0.30372411369146535,2.6511328510093892,2.7189346635471585,0.06780181253776929,research
cost-high,cost,high,0.32,17,0.26666666666666666,0.31636166749143146,2.7009695925290154,2.796450375028421,0.0954807824994055,research
cost-high,cost,high,0.32,18,0.2833333333333333,0.330823918344627,2.751314829220373,2.880033248468656,0.12871841924828287,research
cost-high,cost,high,0.32,19,0.3,0.3471840307241996,2.802055337072075,2.9697966885604816,0.16774135148840674,research
cost-high,cost,high,0.32,20,0.31666666666666665,0.3605756378332771,2.853093006708189,3.0497607458975398,0.19666773918935077,research
cost-high,cost,high,0.32,21,0.3333333333333333,0.37287456540767583,2.904344530622409,3.1260485211866937,0.22170399056428458,research
cost-high,cost,high,0.32,22,0.35,0.384148684849605,2.955740275249784,3.1988673982868785,0.2431271230370946,research
cost-high,cost,high,0.32,23,0.36666666666666664,0.3997021369550133,3.007222618533937,3.2853569650071,0.27813434647316315,research
cost-high,cost,high,0.32,24,0.38333333333333336,0.4111861800246531,3.0587440501695644,3.3584642980786166,0.29972024790905216,research
cost-high,cost,high,0.32,25,0.4,0.42322011897700507,3.110265302326718,3.4331277209371973,0.3228624186104794,research
cost-high,cost,high,0.32,26,0.4166666666666667,0.43912630472720376,3.161753714098589,3.5199635038320882,0.35820978973349904,research
cost-high,cost,high,0.32,27,0.43333333333333335,0.4534109194543865,3.213181948907752,3.6012984845884892,0.38811653568073723,research
cost-high,cost,high,0.32,28,0.45,0.46739899706854554,3.264527097811261,3.681391202092269,0.4168641042810082,research
cost-high,cost,high,0.32,29,0.4666666666666667,0.48037051857252827,3.3157701281963026,3.7579566336009456,0.442186505404643,research
cost-high,cost,high,0.32,30,0.48333333333333334,0.4949430052542562,3.3668955872934934,3.839312417622042,0.47241683032854853,research
cost-high,cost,high,0.32,31,0.5,0.5108328775246992,3.417891447850241,3.9245190422032095,0.5066275943529686,research
cost-high,cost,high,0.32,32,0.5166666666666667,0.5223201811245386,3.468748987818488,3.9955199931373406,0.5267710053188526,research
cost-high,cost,high,0.32,33,0.5333333333333333,0.535713256379131,3.519462620765768,4.072254856138473,0.552792235372705,research
cost-high,cost,high,0.32,34,0.55,0.5477467424802418,3.570029629697018,4.144444803521065,0.5744151738240468,research
cost-high,cost,high,0.32,35,0.5666666666666667,0.5617550770296114,3.620449794140335,4.222550500592288,0.6021007064519526,research
cost-high,cost,high,0.32,36,0.5833333333333334,0.5767042384133039,3.670724930170178,4.3033046016904795,0.6325796715203014,research
cost-high,cost,high,0.32,37,0.6,0.5892826739587312,3.7208583799746338,4.376393503684241,0.6555351237096074,research
cost-high,cost,high,0.32,38,0.6166666666666667,0.6036328048001381,3.7708544898431255,4.454727131331779,0.6838726414886538,research
cost-high,cost,high,0.32,39,0.6333333333333333,0.6172152401838825,3.8207181049029937,4.5304134732241375,0.7096953683211438,research
cost-high,cost,high,0.32,40,0.65,0.6288805756629942,3.870454090071975,4.599929251053805,0.72947516098183,research
cost-high,cost,high,0.32,41,0.6666666666666666,0.6455914541271902,3.9200668651653174,4.6847539401086395,0.7646870749433221,research
cost-high,cost,high,0.32,42,0.6833333333333333,0.6585221627130922,3.969559923045242,4.75767773175441,0.7881178087091683,research
cost-high,cost,high,0.32,43,0.7,0.6699849652278976,4.018935286439188,4.825871331997865,0.8069360455586772,research
cost-high,cost,high,0.32,44,0.7166666666666667,0.6813510665395399,4.0681928524693545,4.89355802298995,0.8253651705205955,research
cost-high,cost,high,0.32,45,0.7333333333333333,0.696858279427878,4.11732957285014,4.973655812780288,0.8563262399301488,research
cost-high,cost,high,0.32,46,0.75,0.7133627057651477,4.166338420157819,5.0565104537205965,0.8901720335627772,research
cost-high,cost,high,0.32,47,0.7666666666666667,0.7275269863363849,4.215207095644357,5.131969587243211,0.9167624915988544,research
cost-high,cost,high,0.32,48,0.7833333333333333,0.7417117582708226,4.263916443628419,5.207216741782393,0.9433002981539733,research
cost-high,cost,high,0.32,49,0.8,0.753937946211948,4.312438557010546,5.2762581223354355,0.9638195653248891,research
cost-high,cost,high,0.32,50,0.8166666666666667,0.7658531902859276,4.360734596042331,5.344072972428849,0.9833383763865182,research
cost-high,cost,high,0.32,51,0.8333333333333334,0.7786305872271734,4.408752405837273,5.414158536637209,1.005406130799936,research
cost-high,cost,high,0.32,52,0.85,0.7909692169330425,4.456424109641149,5.482549243965468,1.0261251343243192,research
cost-high,cost,high,0.32,53,0.8666666666666667,0.806952031668809,4.503663966275524,5.561412308456934,1.0577483421814096,research
cost-high,cost,high,0.32,54,0.8833333333333333,0.8212451831359248,4.55036688885779,5.634676753589919,1.0843098647321288,research
cost-high,cost,high,0.32,55,0.9,0.8350923522654333,4.596408092153721,5.705994258791888,1.1095861666381666,research
cost-high,cost,high,0.32,56,0.9166666666666666,0.8489118396004225,4.641644326699045,5.77651713642545,1.1348728097264047,research
cost-high,cost,high,0.32,57,0.9333333333333333,0.862164730730568,4.685917037108346,5.844536556218048,1.1586195191097026,research
cost-high,cost,high,0.32,58,0.95,0.8787886157532733,4.729057543511672,5.9216066198892845,1.1925490763776123,research
cost-high,cost,high,0.32,59,0.9666666666666667,0.8900301589998373,4.770894020184659,5.981680220505693,1.2107862003210341,research
cost-high,cost,high,0.32,60,0.9833333333333333,0.9032597496949837,4.811259702298567,6.04647942420484,1.2352197219062733,research
cost-high,cost,high,0.32,61,1.0,0.9199999999999999,4.850001478058197,6.120354535330151,1.2703530572719535,research
delay-low,delay,low,0.0,1,0.0,0.09548687999931915,3.406589500192932,3.3638530877675317,-0.04273641242540016,continue
delay-low,delay,low,0.0,2,0.016666666666666666,0.11137103411077165,3.4494522427203176,3.445340858092472,-0.004111384627845549,continue
delay-low,delay,low,0.0,3,0.03333333333333333,0.12375994072982394,3.4940875998559986,3.518870246244665,0.02478264638866623,research
delay-low,delay,low,0.0,4,0.05,0.13600582415102874,3.5402927206166606,3.5932683077892764,0.05297558717261586,research
delay-low,delay,low,0.0,5,0.06666666666666667,0.14717489451572713,3.5878462340627033,3.6658421579983647,0.07799592393566135,research
delay-low,delay,low,0.0,6,0.08333333333333333,0.16018193559213745,3.6365192106900395,3.7440926432377633,0.10757343254772378,research
delay-low,delay,low,0.0,7,0.1,0.17612242877214412,3.686085901823197,3.8306115032030434,0.1445256013798466,research
delay-low,delay,low,0.0,8,0.11666666666666667,0.1921643078324491,3.7363331611842474,3.917685411294999,0.18135225011075162,research
delay-low,delay,low,0.0,9,0.13333333333333333,0.20439337838283295,3.7870677532844463,3.9949433208335843,0.20787556754913794,research
delay-low,delay,low,0.0,10,0.15,0.21873317641603707,3.838121157764282,4.0777104401614315,0.23958928239714927,research
delay-low,delay,low,0.0,11,0.16666666666666666,0.23071193908383975,3.8893518824622006,4.1542539897666995,0.2649021073044988,research
delay-low,delay,low,0.0,12,0.18333333333333332,0.24436928057104224,3.940645613923342,4.234926289908943,0.2942806759856009,research
delay-low,delay,low,0.0,13,0.2,0.26045391925429784,3.991913716065986,4.321507838808143,0.3295941227421575,research
delay-low,delay,low,0.0,14,0.21666666666666667,0.2758568548719828,4.043090634404934,4.405954486604265,0.3628638521993306,research
delay-low,delay,low,0.0,15,0.23333333333333334,0.2892714587652356,4.094130706515055,4.484946544375144,0.3908158378600888,research
delay-low,delay,low,0.0,16,0.25,0.30372411369146535,4.14500476598794,4.566164874007703,0.42116010801976334,research
delay-low,delay,low,0.0,17,0.26666666666666666,0.31636166749143146,4.195696801278216,4.64240205438403,0.4467052531058142,research
delay-low,delay,low,0.0,18,0.2833333333333333,0.330823918344627,4.246200823719183,4.722821523623447,0.4766206999042648,research
delay-low,delay,low,0.0,19,0.3,0.3471840307241996,4.296518025306833,4.807556289537813,0.5110382642309803,research
delay-low,delay,low,0.0,20,0.31666666666666665,0.3605756378332771,4.346654267053127,4.884483780518281,0.5378295134651534,research
delay-low,delay,low,0.0,21,0.3333333333333333,0.37287456540767583,4.39661792405814,4.958340796958087,0.5617228728999466,research
delay-low,delay,low,0.0,22,0.35,0.384148684849605,4.446418111555832,5.029337611182527,0.5829194996266951,research
delay-low,delay,low,0.0,23,0.36666666666666664,0.3997021369550133,4.496063315501926,5.110524675398318,0.6144613598963913,research
delay-low,delay,low,0.0,24,0.38333333333333336,0.4111861800246531,4.545560443913159,5.181390111229717,0.6358296673165587,research
delay-low,delay,low,0.0,25,0.4,0.42322011897700507,4.594914298041883,5.253300696642671,0.6583863986007881,research
delay-low,delay,low,0.0,26,0.4166666666666667,0.43912630472720376,4.644127436992545,5.334306749481273,0.6901793124887279,research
delay-low,delay,low,0.0,27,0.43333333333333335,0.4534109194543865,4.6932003802345355,5.411033236238355,0.7178328560038194,research
delay-low,delay,low,0.0,28,0.45,0.46739899706854554,4.742132065842474,5.486719256315132,0.7445871904726573,research
delay-low,delay,low,0.0,29,0.4666666666666667,0.48037051857252827,4.790920464128748,5.559649449942947,0.7687289858141995,research
delay-low,delay,low,0.0,30,0.48333333333333334,0.4949430052542562,4.83956324077697,5.636113315939878,0.7965500751629078,research
delay-low,delay,low,0.0,31,0.5,0.5108328775246992,4.88805837207371,5.715400058274915,0.8273416862012057,research
delay-low,delay,low,0.0,32,0.5166666666666667,0.5223201811245386,4.936404635829371,5.783898744036973,0.8474941082076022,research
delay-low,delay,low,0.0,33,0.5333333333333333,0.535713256379131,4.9846019309929135,5.856653120440769,0.8720511894478555,research
delay-low,delay,low,0.0,34,0.55,0.5477467424802418,5.032651411138545,5.925920347519043,0.8932689363804984,research
delay-low,delay,low,0.0,35,0.5666666666666667,0.5617550770296114,5.0805554459770885,5.999579621347445,0.9190241753703567,research
delay-low,delay,low,0.0,36,0.5833333333333334,0.5767042384133039,5.12831744584716,6.075169077531533,0.9468516316843729,research
delay-low,delay,low,0.0,37,0.6,0.5892826739587312,5.175941593789966,6.144937037580211,0.9689954437902442,research
delay-low,delay,low,0.0,38,0.6166666666666667,0.6036328048001381,5.223432527822508,6.218592247761564,0.995159719939056,research
delay-low,delay,low,0.0,39,0.6333333333333333,0.6172152401838825,5.270795004306018,6.290205719633543,1.019410715327525,research
delay-low,delay,low,0.0,40,0.65,0.6288805756629942,5.3180335554930735,6.357138578686474,1.0391050231934003,research
delay-low,delay,low,0.0,41,0.6666666666666666,0.6455914541271902,5.365152134726396,6.435509032594484,1.0703568978680877,research
delay-low,delay,low,0.0,42,0.6833333333333333,0.6585221627130922,5.412153725172539,6.504903728407598,1.092750003235059,research
delay-low,delay,low,0.0,43,0.7,0.6699849652278976,5.459039874836943,6.5707090097153875,1.1116691348784444,research
delay-low,delay,low,0.0,44,0.7166666666666667,0.6813510665395399,5.50581011262287,6.636092795684401,1.1302826830615311,research
delay-low,delay,low,0.0,45,0.7333333333333333,0.696858279427878,5.552461196701146,6.7107260901654255,1.1582648934642794,research
delay-low,delay,low,0.0,46,0.75,0.7133627057651477,5.5989861464760455,6.787370333376496,1.1883841869004508,research
delay-low,delay,low,0.0,47,0.7666666666666667,0.7275269863363849,5.64537301311432,6.8584250166491145,1.213052003534795,research
delay-low,delay,low,0.0,48,0.7833333333333333,0.7417117582708226,5.691603353504405,6.929262963377476,1.237659609873071,research
delay-low,delay,low,0.0,49,0.8,0.753937946211948,5.737650394023489,6.995395578936786,1.257745184913297,research
delay-low,delay,low,0.0,50,0.8166666666666667,0.7658531902859276,5.7834769107861534,7.060536637980103,1.27705972719395,research
delay-low,delay,low,0.0,51,0.8333333333333334,0.7786305872271734,5.829032918213342,7.127282927189102,1.29825000897576,research
delay-low,delay,low,0.0,52,0.85,0.7909692169330425,5.874253348406826,7.192649521845966,1.3183961734391403,research
delay-low,delay,low,0.0,53,0.8666666666666667,0.806952031668809,5.919056010418672,7.265692593217545,1.3466365827988733,research
delay-low,delay,low,0.0,54,0.8833333333333333,0.8212451831359248,5.963340218561622,7.334376707797129,1.3710364892355074,research
delay-low,delay,low,0.0,55,0.9,0.8350923522654333,6.006986538440568,7.401388659853815,1.394402121413247,research
delay-low,delay,low,0.0,56,0.9166666666666666,0.8489118396004225,6.049858080643539,7.46754142117365,1.417683340530111,research
delay-low,delay,low,0.0,57,0.9333333333333333,0.862164730730568,6.091803646921386,7.5315082670088564,1.4397046200874701,research
delay-low,delay,low,0.0,58,0.95,0.8787886157532733,6.132662799128362,7.601848326078165,1.4691855269498024,research
delay-low,delay,low,0.0,59,0.9666666666666667,0.8900301589998373,6.1722726095083145,7.659085259314437,1.4868126498061223,research
delay-low,delay,low,0.0,60,0.9833333333333333,0.9032597496949837,6.210475528088933,7.719359787028481,1.5088842589395481,research
delay-low,delay,low,0.0,61,1.0,0.9199999999999999,6.247127551806392,7.785860982643943,1.538733430837551,research
delay-baseline,delay,baseline,1.0,1,0.0,0.09548687999931915,2.2121120712534768,1.8400147170326349,-0.3720973542208419,continue
delay-baseline,delay,baseline,1.0,2,0.016666666666666666,0.11137103411077165,2.242086479860159,1.9130013484094353,-0.32908513145072393,continue
delay-baseline,delay,baseline,1.0,3,0.03333333333333333,0.12375994072982394,2.2741923738245022,1.9765583284884085,-0.2976340453360937,continue
delay-baseline,delay,baseline,1.0,4,0.05,0.13600582415102874,2.3084125978317673,2.0413234662143895,-0.2670891316173778,continue
delay-baseline,delay,baseline,1.0,5,0.06666666666666667,0.14717489451572713,2.344695110721689,2.104234369483782,-0.24046074123790673,continue
delay-baseline,delay,baseline,1.0,6,0.08333333333333333,0.16018193559213745,2.3829541384280075,2.174487361525914,-0.20846677690209336,continue
delay-baseline,delay,baseline,1.0,7,0.1,0.17612242877214412,2.4230732681501044,2.2554358521567304,-0.167637415993374,continue
delay-baseline,delay,baseline,1.0,8,0.11666666666666667,0.1921643078324491,2.4649102137565633,2.3378793511080813,-0.12703086264848196,continue
delay-baseline,delay,baseline,1.0,9,0.13333333333333333,0.20439337838283295,2.508302828625761,2.4091905730123546,-0.09911225561340631,continue
delay-baseline,delay,baseline,1.0,10,0.15,0.21873317641603707,2.5530758585707813,2.4880726885011972,-0.06500317006958412,continue
delay-baseline,delay,baseline,1.0,11,0.16666666666666666,0.23071193908383975,2.599047912893734,2.5601436118404575,-0.03890430105327658,continue
delay-baseline,delay,baseline,1.0,12,0.18333333333333332,0.24436928057104224,2.6460381710290335,2.63807853189444,-0.0079596391345933,continue
delay-baseline,delay,baseline,1.0,13,0.2,0.26045391925429784,2.693872416079469,2.724068115860788,0.030195699781319085,research
delay-baseline,delay,baseline,1.0,14,0.21666666666666667,0.2758568548719828,2.742388078221193,2.808128910288518,0.06574083206732473,research
delay-baseline,delay,baseline,1.0,15,0.23333333333333334,0.2892714587652356,2.7914380702157158,2.8860502799866907,0.09461220977097495,research
delay-baseline,delay,baseline,1.0,16,0.25,0.30372411369146535,2.840893299316211,2.967277675498691,0.1263843761824801,research
delay-baseline,delay,baseline,1.0,17,0.26666666666666666,0.31636166749143146,2.8906438420748137,3.0427786169254505,0.15213477485063676,research
delay-baseline,delay,baseline,1.0,18,0.2833333333333333,0.330823918344627,2.9405988673443906,3.123898016249078,0.18329914890468757,research
delay-baseline,delay,baseline,1.0,19,0.3,0.3471840307241996,2.990685482038173,3.210772120715439,0.22008663867726597,research
delay-baseline,delay,baseline,1.0,20,0.31666666666666665,0.3605756378332771,3.0408467459156605,3.288205284146007,0.2473585382303467,research
delay-baseline,delay,baseline,1.0,21,0.3333333333333333,0.37287456540767583,3.0910391477121437,3.362054894347021,0.27101574663487726,research
delay-baseline,delay,baseline,1.0,22,0.35,0.384148684849605,3.141229849502257,3.4325392768519367,0.2913094273496797,research
delay-baseline,delay,baseline,1.0,23,0.36666666666666664,0.3997021369550133,3.1913939875466113,3.5160142619940498,0.32462027444743846,research
delay-baseline,delay,baseline,1.0,24,0.38333333333333336,0.4111861800246531,3.241512269137249,3.5867097896865894,0.3451975205493403,research
delay-baseline,delay,baseline,1.0,25,0.4,0.42322011897700507,3.291569033749959,3.658877043541442,0.36730800979148315,research
delay-baseline,delay,baseline,1.0,26,0.4166666666666667,0.43912630472720376,3.3415508639265483,3.7426551671273782,0.4011043032008299,research
delay-baseline,delay,baseline,1.0,27,0.43333333333333335,0.4534109194543865,3.3914457488292187,3.821196862713274,0.4297511138840555,research
delay-baseline,delay,baseline,1.0,28,0.45,0.46739899706854554,3.4412427326430945,3.8985687200552515,0.4573259874121569,research
delay-baseline,delay,baseline,1.0,29,0.4666666666666667,0.48037051857252827,3.4909319296660737,3.972592407173129,0.48166047750705543,research
delay-baseline,delay,baseline,1.0,30,0.48333333333333334,0.4949430052542562,3.5405047628453143,4.051212090962922,0.5107073281176078,research
delay-baseline,delay,baseline,1.0,31,0.5,0.5108328775246992,3.5899542830786224,4.133536377437967,0.543582094359345,research
delay-baseline,delay,baseline,1.0,32,0.5166666666666667,0.5223201811245386,3.63927544896966,4.202314773379795,0.563039324410135,research
delay-baseline,delay,baseline,1.0,33,0.5333333333333333,0.535713256379131,3.6884652838374383,4.27659672694113,0.5881314431036917,research
delay-baseline,delay,baseline,1.0,34,0.55,0.5477467424802418,3.7375228698211527,4.346559281557182,0.6090364117360294,research
delay-baseline,delay,baseline,1.0,35,0.5666666666666667,0.5617550770296114,3.786449179082873,4.422204178479453,0.6357549993965801,research
delay-baseline,delay,baseline,1.0,36,0.5833333333333334,0.5767042384133039,3.8352467722414123,4.500410548408976,0.6651637761675633,research
delay-baseline,delay,baseline,1.0,37,0.6,0.5892826739587312,3.88391941000582,4.571310535677715,0.687391125671895,research
delay-baseline,delay,baseline,1.0,38,0.6166666666666667,0.6036328048001381,3.9324716247013396,4.64725611029257,0.7147844855912306,research
delay-baseline,delay,baseline,1.0,39,0.6333333333333333,0.6172152401838825,3.9809082864144876,4.720694528551055,0.7397862421365677,research
delay-baseline,delay,baseline,1.0,40,0.65,0.6288805756629942,4.0292341785540415,4.788248878581394,0.7590147000273522,research
delay-baseline,delay,baseline,1.0,41,0.6666666666666666,0.6455914541271902,4.0774535753545855,4.870492880088905,0.7930393047343198,research
delay-baseline,delay,baseline,1.0,42,0.6833333333333333,0.6585221627130922,4.125569794237344,4.941362340750684,0.8157925465133404,research
delay-baseline,delay,baseline,1.0,43,0.7,0.6699849652278976,4.173584682150995,5.007721365074585,0.8341366829235897,research
delay-baseline,delay,baseline,1.0,44,0.7166666666666667,0.6813510665395399,4.2214979878458765,5.073615447652976,0.8521174598070997,research
delay-baseline,delay,baseline,1.0,45,0.7333333333333333,0.696858279427878,4.269306570316483,5.151433678949742,0.8821271086332585,research
delay-baseline,delay,baseline,1.0,46,0.75,0.7133627057651477,4.317003395484319,5.231923138428709,0.9149197429443898,research
delay-baseline,delay,baseline,1.0,47,0.7666666666666667,0.7275269863363849,4.36457627774491,5.305342825623445,0.9407665478785345,research
delay-baseline,delay,baseline,1.0,48,0.7833333333333333,0.7417117582708226,4.412006332146754,5.378581640859474,0.96657530871272,research
delay-baseline,delay,baseline,1.0,49,0.8,0.753937946211948,4.4592661220554835,5.445883649945714,0.9866175278902309,research
delay-baseline,delay,baseline,1.0,50,0.8166666666666667,0.7658531902859276,4.506317524081828,5.51202495051126,1.0057074264294323,research
delay-baseline,delay,baseline,1.0,51,0.8333333333333334,0.7786305872271734,4.55310939426689,5.580362638479031,1.0272532442121403,research
delay-baseline,delay,baseline,1.0,52,0.85,0.7909692169330425,4.5995752092605375,5.647086092854746,1.0475108835942084,research
delay-baseline,delay,baseline,1.0,53,0.8666666666666667,0.806952031668809,4.645630965278171,5.723885589853515,1.0782546245753437,research
delay-baseline,delay,baseline,1.0,54,0.8833333333333333,0.8212451831359248,4.691173723855762,5.795316071592603,1.1041423477368406,research
delay-baseline,delay,baseline,1.0,55,0.9,0.8350923522654333,4.736081261914677,5.8648814613709535,1.1288001994562764,research
delay-baseline,delay,baseline,1.0,56,0.9166666666666666,0.8489118396004225,4.780213274345332,5.933684760883925,1.153471486538593,research
delay-baseline,delay,baseline,1.0,57,0.9333333333333333,0.862164730730568,4.8234144590119135,6.000077191439032,1.1766627324271184,research
delay-baseline,delay,baseline,1.0,58,0.95,0.8787886157532733,4.8655195807445,6.075170036881984,1.2096504561374832,research
delay-baseline,delay,baseline,1.0,59,0.9666666666666667,0.8900301589998373,4.906360293235361,6.133895928202476,1.227535634967115,research
delay-baseline,delay,baseline,1.0,60,0.9833333333333333,0.9032597496949837,4.945773162389311,6.19714997415967,1.251376811770359,research
delay-baseline,delay,baseline,1.0,61,1.0,0.9199999999999999,4.983608067307907,6.269119127584932,1.2855110602770248,research
delay-high,delay,high,3.0,1,0.0,0.09548687999931915,1.30938544513256,0.7280504429180956,-0.5813350022144643,continue
delay-high,delay,high,3.0,2,0.016666666666666666,0.11137103411077165,1.3228198511246425,0.7769287807995382,-0.5458910703251043,continue
delay-high,delay,high,3.0,3,0.03333333333333333,0.12375994072982394,1.3370013529818081,0.8172840389639211,-0.519717314017887,continue
delay-high,delay,high,3.0,4,0.05,0.13600582415102874,1.3519375083845386,0.8579735000134234,-0.4939640083711152,continue
delay-high,delay,high,3.0,5,0.06666666666666667,0.14717489451572713,1.3676356358353425,0.8964858218445633,-0.47114981399077926,continue
delay-high,delay,high,3.0,6,0.08333333333333333,0.16018193559213745,1.3841053022482095,0.9406415403866635,-0.443463761861546,continue
delay-high,delay,high,3.0,7,0.1,0.17612242877214412,1.4013607501242864,0.9934642157497813,-0.4078965343745051,continue
delay-high,delay,high,3.0,8,0.11666666666666667,0.1921643078324491,1.4194229175938067,1.0473466131212081,-0.37207630447259854,continue
delay-high,delay,high,3.0,9,0.13333333333333333,0.20439337838283295,1.4383207378554432,1.0916005236015174,-0.34672021425392585,continue
delay-high,delay,high,3.0,10,0.15,0.21873317641603707,1.4580914844697932,1.142330555892315,-0.3157609285774783,continue
delay-high,delay,high,3.0,11,0.16666666666666666,0.23071193908383975,1.4787800391576502,1.1872988251383185,-0.2914812140193317,continue
delay-high,delay,high,3.0,12,0.18333333333333332,0.24436928057104224,1.5004370804740461,1.237583536834069,-0.26285354363997704,continue
delay-high,delay,high,3.0,13,0.2,0.26045391925429784,1.523116308796283,1.29530549841908,-0.22781081037720297,continue
delay-high,delay,high,3.0,14,0.21666666666666667,0.2758568548719828,1.5468709240337148,1.3518845130744443,-0.1949864109592705,continue
delay-high,delay,high,3.0,15,0.23333333333333334,0.2892714587652356,1.571749650191018,1.4036492793600073,-0.1681003708310107,continue
delay-high,delay,high,3.0,16,0.25,0.30372411369146535,1.5977926508601195,1.4589978957334568,-0.13879475512666262,continue
delay-high,delay,high,3.0,17,0.26666666666666666,0.31636166749143146,1.6250276985691274,1.5099396755172876,-0.11508802305183985,continue
delay-high,delay,high,3.0,18,0.2833333333333333,0.330823918344627,1.6534669463651828,1.5666379007449662,-0.08682904562021654,continue
delay-high,delay,high,3.0,19,0.3,0.3471840307241996,1.6831046016175344,1.6293021120049465,-0.053802489612587934,continue
delay-high,delay,high,3.0,20,0.31666666666666665,0.3605756378332771,1.7139157225525103,1.6842009105426938,-0.029714812009816516,continue
delay-high,delay,high,3.0,21,0.3333333333333333,0.37287456540767583,1.7458562543110911,1.7365445446920043,-0.009311709619086894,continue
delay-high,delay,high,3.0,22,0.35,0.384148684849605,1.7788643041629466,1.7864656007178736,0.007601296554927028,research
delay-high,delay,high,3.0,23,0.36666666666666664,0.3997021369550133,1.812862538445659,1.8489267137624215,0.03606417531676254,research
delay-high,delay,high,3.0,24,0.38333333333333336,0.4111861800246531,1.8477614809668252,1.9002501509585843,0.05248866999175905,research
delay-high,delay,high,3.0,25,0.4,0.42322011897700507,1.8834634163714774,1.953458034881663,0.06999461851018562,research
delay-high,delay,high,3.0,26,0.4166666666666667,0.43912630472720376,1.9198665608440895,2.0179405805272954,0.09807401968320595,research
delay-high,delay,high,3.0,27,0.43333333333333335,0.4534109194543865,1.9568691598495045,2.078063944686449,0.12119478483694435,research
delay-high,delay,high,3.0,28,0.45,0.46739899706854554,1.9943732063738995,2.137543132432112,0.14316992605821244,research
delay-high,delay,high,3.0,29,0.4666666666666667,0.48037051857252827,2.03228753653543,2.194291206375672,0.16200366984024184,research
delay-high,delay,high,3.0,30,0.48333333333333334,0.4949430052542562,2.0705301423994342,2.2557198477993037,0.18518970539986945,research
delay-high,delay,high,3.0,31,0.5,0.5108328775246992,2.1090296326811795,2.3210000466976,0.2119704140164207,research
delay-high,delay,high,3.0,32,0.5166666666666667,0.5223201811245386,2.1477258592450768,2.373828050863103,0.22610219161802636,research
delay-high,delay,high,3.0,33,0.5333333333333333,0.535713256379131,2.1865698010584738,2.432141129265202,0.24557132820672845,research
delay-high,delay,high,3.0,34,0.55,0.5477467424802418,2.225522850395552,2.486629199247783,0.26110634885223094,research
delay-high,delay,high,3.0,35,0.5666666666666667,0.5617550770296114,2.2645556748015645,2.5467805296005657,0.28222485479900117,research
delay-high,delay,high,3.0,36,0.5833333333333334,0.5767042384133039,2.3036468322894468,2.6096452816489144,0.30599844935946763,research
delay-high,delay,high,3.0,37,0.6,0.5892826739587312,2.342781299339838,2.665780630194073,0.3229993308542354,research
delay-high,delay,high,3.0,38,0.6166666666666667,0.6036328048001381,2.3819490369892264,2.726989309145103,0.3450402721558765,research
delay-high,delay,high,3.0,39,0.6333333333333333,0.6172152401838825,2.421143676725121,2.7860304641402376,0.3648867874151165,research
delay-high,delay,high,3.0,40,0.65,0.6288805756629942,2.4603613626041665,2.839622495792619,0.37926113318845234,research
delay-high,delay,high,3.0,41,0.6666666666666666,0.6455914541271902,2.4995997456709453,2.9076237355361414,0.40802398986519606,research
delay-high,delay,high,3.0,42,0.6833333333333333,0.6585221627130922,2.5388570961088766,2.9648578469791222,0.4260007508702457,research
delay-high,delay,high,3.0,43,0.7,0.6699849652278976,2.578131479618958,3.0179156124068274,0.43978413278786954,research
delay-high,delay,high,3.0,44,0.7166666666666667,0.6813510665395399,2.6174199365244557,3.0707060224133538,0.45328608588889807,research
delay-high,delay,high,3.0,45,0.7333333333333333,0.696858279427878,2.6567176021736234,3.1353236216013487,0.4786060194277253,research
delay-high,delay,high,3.0,46,0.75,0.7133627057651477,2.696016711818173,3.2027921169270153,0.5067754051088422,research
delay-high,delay,high,3.0,47,0.7666666666666667,0.7275269863363849,2.7353054398975187,3.2635744321201785,0.5282689922226598,research
delay-high,delay,high,3.0,48,0.7833333333333333,0.7417117582708226,2.7745665330058022,3.3243994294332606,0.5498328964274584,research
delay-high,delay,high,3.0,49,0.8,0.753937946211948,2.813775711857031,3.3795992605396568,0.565823548682626,research
delay-high,delay,high,3.0,50,0.8166666666666667,0.7658531902859276,2.852899847313749,3.4338596050420924,0.5809597577283436,research
delay-high,delay,high,3.0,51,0.8333333333333334,0.7786305872271734,2.891894966318643,3.490506632649371,0.5986116663307279,research
delay-high,delay,high,3.0,52,0.85,0.7909692169330425,2.93070421867756,3.5457904928150414,0.6150862741374814,research
delay-high,delay,high,3.0,53,0.8666666666666667,0.806952031668809,2.969256029558153,3.61133853087047,0.6420825013123173,research
delay-high,delay,high,3.0,54,0.8833333333333333,0.8212451831359248,3.007462757523837,3.671856502610221,0.6643937450863842,research
delay-high,delay,high,3.0,55,0.9,0.8350923522654333,3.045220244391051,3.730837094921539,0.6856168505304878,research
delay-high,delay,high,3.0,56,0.9166666666666666,0.8489118396004225,3.082408646123742,3.789405718453114,0.7069970723293717,research
delay-high,delay,high,3.0,57,0.9333333333333333,0.862164730730568,3.118894844668673,3.845943895599104,0.727049050930431,research
delay-high,delay,high,3.0,58,0.95,0.8787886157532733,3.1545365510917405,3.9116277806335282,0.7570912295417878,research
delay-high,delay,high,3.0,59,0.9666666666666667,0.8900301589998373,3.189187943952496,3.9613448492532,0.772156905300704,research
delay-high,delay,high,3.0,60,0.9833333333333333,0.9032597496949837,3.2227063985145525,4.016088160311816,0.7933817617972636,research
delay-high,delay,high,3.0,61,1.0,0.9199999999999999,3.254959625207334,4.08013798665018,0.8251783614428461,research
persistence-low,persistence,low,0.35,1,0.0,0.09548687999931915,3.0709431891147787,2.53953621732551,-0.5314069717892687,continue
persistence-low,persistence,low,0.35,2,0.016666666666666666,0.11137103411077165,3.087325273938692,2.6000098884070573,-0.4873153855316348,continue
persistence-low,persistence,low,0.35,3,0.03333333333333333,0.12375994072982394,3.103853246311917,2.64953467164016,-0.45431857467175707,continue
persistence-low,persistence,low,0.35,4,0.05,0.13600582415102874,3.1205159686721506,2.6986233628755905,-0.4218926057965602,continue
persistence-low,persistence,low,0.35,5,0.06666666666666667,0.14717489451572713,3.137302590584209,2.744347245256144,-0.392955345328065,continue
persistence-low,persistence,low,0.35,6,0.08333333333333333,0.16018193559213745,3.1542026106835435,2.795806760970699,-0.3583958497128443,continue
persistence-low,persistence,low,0.35,7,0.1,0.17612242877214412,3.1712059276870512,2.856386819446539,-0.31481910824051207,continue
persistence-low,persistence,low,0.35,8,0.11666666666666667,0.1921643078324491,3.188302880504736,2.917224121580104,-0.2710787589246322,continue
persistence-low,persistence,low,0.35,9,0.13333333333333333,0.20439337838283295,3.2054842777955765,2.9661336689473004,-0.2393506088482762,continue
persistence-low,persistence,low,0.35,10,0.15,0.21873317641603707,3.222741417582096,3.021552332860126,-0.20118908472197017,continue
persistence-low,persistence,low,0.35,11,0.16666666666666666,0.23071193908383975,3.2400660977629965,3.0695746152700396,-0.17049148249295687,continue
persistence-low,persistence,low,0.35,12,0.18333333333333332,0.24436928057104224,3.257450618536573,3.122737632773962,-0.13471298576261104,continue
persistence-low,persistence,low,0.35,13,0.2,0.26045391925429784,3.2748877778669474,3.1833309147415507,-0.09155686312539668,continue
persistence-low,persistence,low,0.35,14,0.21666666666666667,0.2758568548719828,3.292370861190259,3.241712031042416,-0.050658830147843226,continue
persistence-low,persistence,low,0.35,15,0.23333333333333334,0.2892714587652356,3.30989362657133,3.2938523967463924,-0.01604122982493772,continue
persistence-low,persistence,low,0.35,16,0.25,0.30372411369146535,3.327450286487022,3.349097905552132,0.021647619065110035,research
persistence-low,persistence,low,0.35,17,0.26666666666666666,0.31636166749143146,3.3450354873370918,3.398651684806759,0.05361619746966717,research
persistence-low,persistence,low,0.35,18,0.2833333333333333,0.330823918344627,3.3626442876736986,3.453717830951565,0.09107354327786643,research
persistence-low,persistence,low,0.35,19,0.3,0.3471840307241996,3.3802721360057597,3.514494159404699,0.13422202339893907,research
persistence-low,persistence,low,0.35,20,0.31666666666666665,0.3605756378332771,3.397914848882138,3.566041551821879,0.16812670293974108,research
persistence-low,persistence,low,0.35,21,0.3333333333333333,0.37287456540767583,3.415568589797516,3.6141357738061,0.19856718400858409,research
persistence-low,persistence,low,0.35,22,0.35,0.384148684849605,3.4332298493044715,3.6589962501045785,0.22576640080010701,research
persistence-low,persistence,low,0.35,23,0.36666666666666664,0.3997021369550133,3.4508954265625267,3.716818904574654,0.2659234780121271,research
persistence-low,persistence,low,0.35,24,0.38333333333333336,0.4111861800246531,3.4685624124160084,3.762108404194233,0.2935459917782248,research
persistence-low,persistence,low,0.35,25,0.4,0.42322011897700507,3.4862281739725627,3.808971113123566,0.3227429391510035,research
persistence-low,persistence,low,0.35,26,0.4166666666666667,0.43912630472720376,3.503890340556614,3.8674931784564275,0.3636028378998133,research
persistence-low,persistence,low,0.35,27,0.43333333333333335,0.4534109194543865,3.5215467908393805,3.9209553771662837,0.39940858632690324,research
persistence-low,persistence,low,0.35,28,0.45,0.46739899706854554,3.5391956408993663,3.973392520910511,0.43419688001114487,research
persistence-low,persistence,low,0.35,29,0.4666666666666667,0.48037051857252827,3.5568352329446404,4.022629667151525,0.46579443420688493,research
persistence-low,persistence,low,0.35,30,0.48333333333333334,0.4949430052542562,3.5744641244277893,4.076587397426558,0.502123272998769,research
persistence-low,persistence,low,0.35,31,0.5,0.5108328775246992,3.5920810773041323,4.134389470843308,0.5423083935391757,research
persistence-low,persistence,low,0.35,32,0.5166666666666667,0.5223201811245386,3.609685047219248,4.178787478203119,0.5691024309838708,research
persistence-low,persistence,low,0.35,33,0.5333333333333333,0.535713256379131,3.62727517245915,4.228815081507006,0.6015399090478555,research
persistence-low,persistence,low,0.35,34,0.55,0.5477467424802418,3.644850762550938,4.274638909976237,0.6297881474252991,research
persistence-low,persistence,low,0.35,35,0.5666666666666667,0.5617550770296114,3.662411286459124,4.326279118220912,0.6638678317617877,research
persistence-low,persistence,low,0.35,36,0.5833333333333334,0.5767042384133039,3.6799563603785,4.3806135155240575,0.7006571551455574,research
persistence-low,persistence,low,0.35,37,0.6,0.5892826739587312,3.6974857351751442,4.427724672138685,0.7302389369635405,research
persistence-low,persistence,low,0.35,38,0.6166666666666667,0.6036328048001381,3.7149992835694046,4.480016996337515,0.7650177127681101,research
persistence-low,persistence,low,0.35,39,0.6333333333333333,0.6172152401838825,3.732496987186322,4.529893827619482,0.79739684043316,research
persistence-low,persistence,low,0.35,40,0.65,0.6288805756629942,3.7499789236185,4.573941533758062,0.8239626101395623,research
persistence-low,persistence,low,0.35,41,0.6666666666666666,0.6455914541271902,3.7674452536531957,4.632895850437537,0.8654505967843411,research
persistence-low,persistence,low,0.35,42,0.6833333333333333,0.6585221627130922,3.784896208809773,4.6804779494428566,0.8955817406330837,research
persistence-low,persistence,low,0.35,43,0.7,0.6699849652278976,3.8023320793165194,4.7235943966151455,0.9212623172986261,research
persistence-low,persistence,low,0.35,44,0.7166666666666667,0.6813510665395399,3.8197532026289553,4.7663257199581315,0.9465725173291761,research
persistence-low,persistence,low,0.35,45,0.7333333333333333,0.696858279427878,3.837159952557454,4.821209504999169,0.9840495524417152,research
persistence-low,persistence,low,0.35,46,0.75,0.7133627057651477,3.8545527290324726,4.878908223139463,1.0243554941069908,research
persistence-low,persistence,low,0.35,47,0.7666666666666667,0.7275269863363849,3.871931948494127,4.929565342415014,1.057633393920887,research
persistence-low,persistence,low,0.35,48,0.7833333333333333,0.7417117582708226,3.8892980348513917,4.980164173400954,1.0908661385495626,research
persistence-low,persistence,low,0.35,49,0.8,0.753937946211948,3.906651410917667,5.024883022250846,1.1182316113331785,research
persistence-low,persistence,low,0.35,50,0.8166666666666667,0.7658531902859276,3.923992490195666,5.068586527356291,1.144594037160625,research
persistence-low,persistence,low,0.35,51,0.8333333333333334,0.7786305872271734,3.941321668857135,5.114720355539101,1.1733986866819666,research
persistence-low,persistence,low,0.35,52,0.85,0.7909692169330425,3.958639317742796,5.159463247978617,1.200823930235821,research
persistence-low,persistence,low,0.35,53,0.8666666666666667,0.806952031668809,3.975945774195374,5.214765937527643,1.238820163332269,research
persistence-low,persistence,low,0.35,54,0.8833333333333333,0.8212451831359248,3.993241333533306,5.265001602337264,1.2717602688039582,research
persistence-low,persistence,low,0.35,55,0.9,0.8350923522654333,4.0105262399739114,5.313819496372017,1.3032932563981054,research
persistence-low,persistence,low,0.35,56,0.9166666666666666,0.8489118396004225,4.027800676821101,5.362444042819848,1.3346433659987467,research
persistence-low,persistence,low,0.35,57,0.9333333333333333,0.862164730730568,4.045064755742564,5.409307849604952,1.3642430938623882,research
persistence-low,persistence,low,0.35,58,0.95,0.8787886157532733,4.062318504973052,5.465858856996594,1.4035403520235414,research
persistence-low,persistence,low,0.35,59,0.9666666666666667,0.8900301589998373,4.079561856292404,5.506658442664245,1.4270965863718406,research
persistence-low,persistence,low,0.35,60,0.9833333333333333,0.9032597496949837,4.096794630638134,5.553127492369839,1.4563328617317053,research
persistence-low,persistence,low,0.35,61,1.0,0.9199999999999999,4.114016522222053,5.609648289191768,1.4956317669697157,research
persistence-baseline,persistence,baseline,0.75,1,0.0,0.09548687999931915,2.2121120712534768,1.8400147170326349,-0.3720973542208419,continue
persistence-baseline,persistence,baseline,0.75,2,0.016666666666666666,0.11137103411077165,2.242086479860159,1.9130013484094353,-0.32908513145072393,continue
persistence-baseline,persistence,baseline,0.75,3,0.03333333333333333,0.12375994072982394,2.2741923738245022,1.9765583284884085,-0.2976340453360937,continue
persistence-baseline,persistence,baseline,0.75,4,0.05,0.13600582415102874,2.3084125978317673,2.0413234662143895,-0.2670891316173778,continue
persistence-baseline,persistence,baseline,0.75,5,0.06666666666666667,0.14717489451572713,2.344695110721689,2.104234369483782,-0.24046074123790673,continue
persistence-baseline,persistence,baseline,0.75,6,0.08333333333333333,0.16018193559213745,2.3829541384280075,2.174487361525914,-0.20846677690209336,continue
persistence-baseline,persistence,baseline,0.75,7,0.1,0.17612242877214412,2.4230732681501044,2.2554358521567304,-0.167637415993374,continue
persistence-baseline,persistence,baseline,0.75,8,0.11666666666666667,0.1921643078324491,2.4649102137565633,2.3378793511080813,-0.12703086264848196,continue
persistence-baseline,persistence,baseline,0.75,9,0.13333333333333333,0.20439337838283295,2.508302828625761,2.4091905730123546,-0.09911225561340631,continue
persistence-baseline,persistence,baseline,0.75,10,0.15,0.21873317641603707,2.5530758585707813,2.4880726885011972,-0.06500317006958412,continue
persistence-baseline,persistence,baseline,0.75,11,0.16666666666666666,0.23071193908383975,2.599047912893734,2.5601436118404575,-0.03890430105327658,continue
persistence-baseline,persistence,baseline,0.75,12,0.18333333333333332,0.24436928057104224,2.6460381710290335,2.63807853189444,-0.0079596391345933,continue
persistence-baseline,persistence,baseline,0.75,13,0.2,0.26045391925429784,2.693872416079469,2.724068115860788,0.030195699781319085,research
persistence-baseline,persistence,baseline,0.75,14,0.21666666666666667,0.2758568548719828,2.742388078221193,2.808128910288518,0.06574083206732473,research
persistence-baseline,persistence,baseline,0.75,15,0.23333333333333334,0.2892714587652356,2.7914380702157158,2.8860502799866907,0.09461220977097495,research
persistence-baseline,persistence,baseline,0.75,16,0.25,0.30372411369146535,2.840893299316211,2.967277675498691,0.1263843761824801,research
persistence-baseline,persistence,baseline,0.75,17,0.26666666666666666,0.31636166749143146,2.8906438420748137,3.0427786169254505,0.15213477485063676,research
persistence-baseline,persistence,baseline,0.75,18,0.2833333333333333,0.330823918344627,2.9405988673443906,3.123898016249078,0.18329914890468757,research
persistence-baseline,persistence,baseline,0.75,19,0.3,0.3471840307241996,2.990685482038173,3.210772120715439,0.22008663867726597,research
persistence-baseline,persistence,baseline,0.75,20,0.31666666666666665,0.3605756378332771,3.0408467459156605,3.288205284146007,0.2473585382303467,research
persistence-baseline,persistence,baseline,0.75,21,0.3333333333333333,0.37287456540767583,3.0910391477121437,3.362054894347021,0.27101574663487726,research
persistence-baseline,persistence,baseline,0.75,22,0.35,0.384148684849605,3.141229849502257,3.4325392768519367,0.2913094273496797,research
persistence-baseline,persistence,baseline,0.75,23,0.36666666666666664,0.3997021369550133,3.1913939875466113,3.5160142619940498,0.32462027444743846,research
persistence-baseline,persistence,baseline,0.75,24,0.38333333333333336,0.4111861800246531,3.241512269137249,3.5867097896865894,0.3451975205493403,research
persistence-baseline,persistence,baseline,0.75,25,0.4,0.42322011897700507,3.291569033749959,3.658877043541442,0.36730800979148315,research
persistence-baseline,persistence,baseline,0.75,26,0.4166666666666667,0.43912630472720376,3.3415508639265483,3.7426551671273782,0.4011043032008299,research
persistence-baseline,persistence,baseline,0.75,27,0.43333333333333335,0.4534109194543865,3.3914457488292187,3.821196862713274,0.4297511138840555,research
persistence-baseline,persistence,baseline,0.75,28,0.45,0.46739899706854554,3.4412427326430945,3.8985687200552515,0.4573259874121569,research
persistence-baseline,persistence,baseline,0.75,29,0.4666666666666667,0.48037051857252827,3.4909319296660737,3.972592407173129,0.48166047750705543,research
persistence-baseline,persistence,baseline,0.75,30,0.48333333333333334,0.4949430052542562,3.5405047628453143,4.051212090962922,0.5107073281176078,research
persistence-baseline,persistence,baseline,0.75,31,0.5,0.5108328775246992,3.5899542830786224,4.133536377437967,0.543582094359345,research
persistence-baseline,persistence,baseline,0.75,32,0.5166666666666667,0.5223201811245386,3.63927544896966,4.202314773379795,0.563039324410135,research
persistence-baseline,persistence,baseline,0.75,33,0.5333333333333333,0.535713256379131,3.6884652838374383,4.27659672694113,0.5881314431036917,research
persistence-baseline,persistence,baseline,0.75,34,0.55,0.5477467424802418,3.7375228698211527,4.346559281557182,0.6090364117360294,research
persistence-baseline,persistence,baseline,0.75,35,0.5666666666666667,0.5617550770296114,3.786449179082873,4.422204178479453,0.6357549993965801,research
persistence-baseline,persistence,baseline,0.75,36,0.5833333333333334,0.5767042384133039,3.8352467722414123,4.500410548408976,0.6651637761675633,research
persistence-baseline,persistence,baseline,0.75,37,0.6,0.5892826739587312,3.88391941000582,4.571310535677715,0.687391125671895,research
persistence-baseline,persistence,baseline,0.75,38,0.6166666666666667,0.6036328048001381,3.9324716247013396,4.64725611029257,0.7147844855912306,research
persistence-baseline,persistence,baseline,0.75,39,0.6333333333333333,0.6172152401838825,3.9809082864144876,4.720694528551055,0.7397862421365677,research
persistence-baseline,persistence,baseline,0.75,40,0.65,0.6288805756629942,4.0292341785540415,4.788248878581394,0.7590147000273522,research
persistence-baseline,persistence,baseline,0.75,41,0.6666666666666666,0.6455914541271902,4.0774535753545855,4.870492880088905,0.7930393047343198,research
persistence-baseline,persistence,baseline,0.75,42,0.6833333333333333,0.6585221627130922,4.125569794237344,4.941362340750684,0.8157925465133404,research
persistence-baseline,persistence,baseline,0.75,43,0.7,0.6699849652278976,4.173584682150995,5.007721365074585,0.8341366829235897,research
persistence-baseline,persistence,baseline,0.75,44,0.7166666666666667,0.6813510665395399,4.2214979878458765,5.073615447652976,0.8521174598070997,research
persistence-baseline,persistence,baseline,0.75,45,0.7333333333333333,0.696858279427878,4.269306570316483,5.151433678949742,0.8821271086332585,research
persistence-baseline,persistence,baseline,0.75,46,0.75,0.7133627057651477,4.317003395484319,5.231923138428709,0.9149197429443898,research
persistence-baseline,persistence,baseline,0.75,47,0.7666666666666667,0.7275269863363849,4.36457627774491,5.305342825623445,0.9407665478785345,research
persistence-baseline,persistence,baseline,0.75,48,0.7833333333333333,0.7417117582708226,4.412006332146754,5.378581640859474,0.96657530871272,research
persistence-baseline,persistence,baseline,0.75,49,0.8,0.753937946211948,4.4592661220554835,5.445883649945714,0.9866175278902309,research
persistence-baseline,persistence,baseline,0.75,50,0.8166666666666667,0.7658531902859276,4.506317524081828,5.51202495051126,1.0057074264294323,research
persistence-baseline,persistence,baseline,0.75,51,0.8333333333333334,0.7786305872271734,4.55310939426689,5.580362638479031,1.0272532442121403,research
persistence-baseline,persistence,baseline,0.75,52,0.85,0.7909692169330425,4.5995752092605375,5.647086092854746,1.0475108835942084,research
persistence-baseline,persistence,baseline,0.75,53,0.8666666666666667,0.806952031668809,4.645630965278171,5.723885589853515,1.0782546245753437,research
persistence-baseline,persistence,baseline,0.75,54,0.8833333333333333,0.8212451831359248,4.691173723855762,5.795316071592603,1.1041423477368406,research
persistence-baseline,persistence,baseline,0.75,55,0.9,0.8350923522654333,4.736081261914677,5.8648814613709535,1.1288001994562764,research
persistence-baseline,persistence,baseline,0.75,56,0.9166666666666666,0.8489118396004225,4.780213274345332,5.933684760883925,1.153471486538593,research
persistence-baseline,persistence,baseline,0.75,57,0.9333333333333333,0.862164730730568,4.8234144590119135,6.000077191439032,1.1766627324271184,research
persistence-baseline,persistence,baseline,0.75,58,0.95,0.8787886157532733,4.8655195807445,6.075170036881984,1.2096504561374832,research
persistence-baseline,persistence,baseline,0.75,59,0.9666666666666667,0.8900301589998373,4.906360293235361,6.133895928202476,1.227535634967115,research
persistence-baseline,persistence,baseline,0.75,60,0.9833333333333333,0.9032597496949837,4.945773162389311,6.19714997415967,1.251376811770359,research
persistence-baseline,persistence,baseline,0.75,61,1.0,0.9199999999999999,4.983608067307907,6.269119127584932,1.2855110602770248,research
persistence-high,persistence,high,0.95,1,0.0,0.09548687999931915,1.4720694034747055,1.2221775193348483,-0.2498918841398572,continue
persistence-high,persistence,high,0.95,2,0.016666666666666666,0.11137103411077165,1.496495593897713,1.2890340936269964,-0.20746150027071653,continue
persistence-high,persistence,high,0.95,3,0.03333333333333333,0.12375994072982394,1.5244761123275228,1.3481571131858467,-0.17631899914167604,continue
persistence-high,persistence,high,0.95,4,0.05,0.13600582415102874,1.5564502485836302,1.4101878349983579,-0.14626241358527237,continue
persistence-high,persistence,high,0.95,5,0.06666666666666667,0.14717489451572713,1.592827570879467,1.4725463807992971,-0.12028119008016991,continue
persistence-high,persistence,high,0.95,6,0.08333333333333333,0.16018193559213745,1.6339545494165093,1.5444824988416939,-0.08947205057481544,continue
persistence-high,persistence,high,0.95,7,0.1,0.17612242877214412,1.6800797954727902,1.629560450858137,-0.05051934461465324,continue
persistence-high,persistence,high,0.95,8,0.11666666666666667,0.1921643078324491,1.731323423284125,1.7190727580677223,-0.012250665216402723,continue
persistence-high,persistence,high,0.95,9,0.13333333333333333,0.20439337838283295,1.7876566301773569,1.8008144395722294,0.013157809394872544,research
persistence-high,persistence,high,0.95,10,0.15,0.21873317641603707,1.8488964867457311,1.892926985533031,0.04403049878729992,research
persistence-high,persistence,high,0.95,11,0.16666666666666666,0.23071193908383975,1.9147181105926103,1.9812587060115632,0.06654059541895285,research
persistence-high,persistence,high,0.95,12,0.18333333333333332,0.24436928057104224,1.9846826235051105,2.0779336650175892,0.09325104151247876,research
persistence-high,persistence,high,0.95,13,0.2,0.26045391925429784,2.058275853226081,2.184823347866083,0.1265474946400018,research
persistence-high,persistence,high,0.95,14,0.21666666666666667,0.2758568548719828,2.134950838224131,2.2918601696021126,0.1569093313779817,research
persistence-high,persistence,high,0.95,15,0.23333333333333334,0.2892714587652356,2.214167335721589,2.3945944701448085,0.18042713442321956,research
persistence-high,persistence,high,0.95,16,0.25,0.30372411369146535,2.2954233521196437,2.5019823508232735,0.20655899870362981,research
persistence-high,persistence,high,0.95,17,0.26666666666666666,0.31636166749143146,2.3782762824254076,2.604907443125904,0.22663116070049627,research
persistence-high,persistence,high,0.95,18,0.2833333333333333,0.330823918344627,2.462353611825184,2.7142928498685928,0.2519392380434087,research
persistence-high,persistence,high,0.95,19,0.3,0.3471840307241996,2.5473547287799474,2.8301195149664076,0.28276478618646017,research
persistence-high,persistence,high,0.95,20,0.31666666666666665,0.3605756378332771,2.6330461249785344,2.9373027314609277,0.3042566064823933,research
persistence-high,persistence,high,0.95,21,0.3333333333333333,0.37287456540767583,2.7192523281152488,3.0414886926518694,0.32223636453662063,research
persistence-high,persistence,high,0.95,22,0.35,0.384148684849605,2.805844634846419,3.142804723346443,0.3369600885000241,research
persistence-high,persistence,high,0.95,23,0.36666666666666664,0.3997021369550133,2.892729321695454,3.2573538583291524,0.3646245366336984,research
persistence-high,persistence,high,0.95,24,0.38333333333333336,0.4111861800246531,2.9798366277733686,3.3596250533334127,0.3797884255600441,research
persistence-high,persistence,high,0.95,25,0.4,0.42322011897700507,3.067111444361173,3.463660605876736,0.39654916151556296,research
persistence-high,persistence,high,0.95,26,0.4166666666666667,0.43912630472720376,3.154506290057194,3.5794983714732713,0.42499208141607747,research
persistence-high,persistence,high,0.95,27,0.43333333333333335,0.4534109194543865,3.2419767807215036,3.6904069705381732,0.4484301898166696,research
persistence-high,persistence,high,0.95,28,0.45,0.46739899706854554,3.329479436962187,3.8003839017014425,0.4709044647392555,research
persistence-high,persistence,high,0.95,29,0.4666666666666667,0.48037051857252827,3.41697135474907,3.9072244589756164,0.49025310422654655,research
persistence-high,persistence,high,0.95,30,0.48333333333333334,0.4949430052542562,3.5044110538294393,4.0188163361994835,0.5144052823700442,research
persistence-high,persistence,high,0.95,31,0.5,0.5108328775246992,3.5917597557854988,4.134260583306727,0.542500827521228,research
persistence-high,persistence,high,0.95,32,0.5166666666666667,0.5223201811245386,3.678982435611646,4.236280658300924,0.557298222689278,research
persistence-high,persistence,high,0.95,33,0.5333333333333333,0.535713256379131,3.7660482030224873,4.343887572126692,0.577839369104205,research
persistence-high,persistence,high,0.95,34,0.55,0.5477467424802418,3.852929835725126,4.4472194121609965,0.5942895764358704,research
persistence-high,persistence,high,0.95,35,0.5666666666666667,0.5617550770296114,3.939602529190441,4.55628356720534,0.616681038014899,research
persistence-high,persistence,high,0.95,36,0.5833333333333334,0.5767042384133039,4.026042082845227,4.667933377517587,0.6418912946723596,research
persistence-high,persistence,high,0.95,37,0.6,0.5892826739587312,4.112222781601222,4.77220161008605,0.659978828484828,research
persistence-high,persistence,high,0.95,38,0.6166666666666667,0.6036328048001381,4.1981151652067945,4.881485859743568,0.6833706945367739,research
persistence-high,persistence,high,0.95,39,0.6333333333333333,0.6172152401838825,4.283683749077325,4.988130754868591,0.7044470057912653,research
persistence-high,persistence,high,0.95,40,0.65,0.6288805756629942,4.368884624261703,5.0886583339007485,0.7197737096390453,research
persistence-high,persistence,high,0.95,41,0.6666666666666666,0.6455914541271902,4.453662765900801,5.203827857332319,0.7501650914315183,research
persistence-high,persistence,high,0.95,42,0.6833333333333333,0.6585221627130922,4.537948838828133,5.3071859815877875,0.7692371427596543,research
persistence-high,persistence,high,0.95,43,0.7,0.6699849652278976,4.621655302178491,5.4055755723601555,0.7839202701816648,research
persistence-high,persistence,high,0.95,44,0.7166666666666667,0.6813510665395399,4.704671672847388,5.502991364838565,0.7983196919911775,research
persistence-high,persistence,high,0.95,45,0.7333333333333333,0.696858279427878,4.786858921075233,5.611917741423413,0.8250588203481808,research
persistence-high,persistence,high,0.95,46,0.75,0.7133627057651477,4.868043185210839,5.722818005739933,0.8547748205290944,research
persistence-high,persistence,high,0.95,47,0.7666666666666667,0.7275269863363849,4.948009369360115,5.8255881759277175,0.8775788065676027,research
persistence-high,persistence,high,0.95,48,0.7833333333333333,0.7417117582708226,5.026495750996147,5.927029047167908,0.9005332961717611,research
persistence-high,persistence,high,0.95,49,0.8,0.753937946211948,5.103191381927294,6.021018963844142,0.917827581916848,research
persistence-high,persistence,high,0.95,50,0.8166666666666667,0.7658531902859276,5.1777385523136115,6.112158684109238,0.9344201317956262,research
persistence-high,persistence,high,0.95,51,0.8333333333333334,0.7786305872271734,5.249742515050441,6.203598532916505,0.9538560178660642,research
persistence-high,persistence,high,0.95,52,0.85,0.7909692169330425,5.318789700021349,6.291163233200816,0.972373533179467,research
persistence-high,persistence,high,0.95,53,0.8666666666666667,0.806952031668809,5.384473759325575,6.386574374617366,1.0021006152917913,research
persistence-high,persistence,high,0.95,54,0.8833333333333333,0.8212451831359248,5.446426442188453,6.473819588328286,1.0273931461398336,research
persistence-high,persistence,high,0.95,55,0.9,0.8350923522654333,5.504348373127977,6.556361763397368,1.0520133902693916,research
persistence-high,persistence,high,0.95,56,0.9166666666666666,0.8489118396004225,5.558034178041146,6.635303542229686,1.07726936418854,research
persistence-high,persistence,high,0.95,57,0.9333333333333333,0.862164730730568,5.6073874582356344,6.709026151372121,1.1016386931364863,research
persistence-high,persistence,high,0.95,58,0.95,0.8787886157532733,5.652423494292083,6.789113742530671,1.1366902482385886,research
persistence-high,persistence,high,0.95,59,0.9666666666666667,0.8900301589998373,5.6932603533142006,6.850065537710628,1.1568051843964273,research
persistence-high,persistence,high,0.95,60,0.9833333333333333,0.9032597496949837,5.730101295377985,6.9136579310278865,1.1835566356499019,research
persistence-high,persistence,high,0.95,61,1.0,0.9199999999999999,5.763212445906969,6.9845538041052935,1.2213413581983241,research
discount-low,discount,low,0.65,1,0.0,0.09548687999931915,0.4695660026397564,0.16418992032685326,-0.30537608231290314,continue
discount-low,discount,low,0.65,2,0.016666666666666666,0.11137103411077165,0.4764603973752574,0.18717150580089498,-0.28928889157436244,continue
discount-low,discount,low,0.65,3,0.03333333333333333,0.12375994072982394,0.48362660914934624,0.20631056069334364,-0.2773160484560026,continue
discount-low,discount,low,0.65,4,0.05,0.13600582415102874,0.4910683475948923,0.22571720649848437,-0.26535114109640795,continue
discount-low,discount,low,0.65,5,0.06666666666666667,0.14717489451572713,0.49879007405792225,0.2442130204497066,-0.25457705360821564,continue
discount-low,discount,low,0.65,6,0.08333333333333333,0.16018193559213745,0.5067980962056529,0.2654769319263222,-0.24132116427933065,continue
discount-low,discount,low,0.65,7,0.1,0.17612242877214412,0.5151016232518866,0.2909696397528469,-0.22413198349903968,continue
discount-low,discount,low,0.65,8,0.11666666666666667,0.1921643078324491,0.5237136391716808,0.31712005714816627,-0.20659358202351452,continue
discount-low,discount,low,0.65,9,0.13333333333333333,0.20439337838283295,0.5326514625692139,0.3388337737348785,-0.19381768883433542,continue
discount-low,discount,low,0.65,10,0.15,0.21873317641603707,0.5419368911569765,0.36377140537111846,-0.17816548578585806,continue
discount-low,discount,low,0.65,11,0.16666666666666666,0.23071193908383975,0.5515958705327517,0.3860845303810055,-0.16551134015174623,continue
discount-low,discount,low,0.65,12,0.18333333333333332,0.24436928057104224,0.5616576747992418,0.41108658257277714,-0.15057109222646464,continue
discount-low,discount,low,0.65,13,0.2,0.26045391925429784,0.5721536351006298,0.4398321920302312,-0.13232144307039856,continue
discount-low,discount,low,0.65,14,0.21666666666666667,0.2758568548719828,0.5831154972622895,0.4681909028872691,-0.1149245943750204,continue
discount-low,discount,low,0.65,15,0.23333333333333334,0.2892714587652356,0.5945735283179466,0.4943662270197858,-0.10020730129816086,continue
discount-low,discount,low,0.65,16,0.25,0.30372411369146535,0.6065545210022676,0.5224424519032926,-0.08411206909897495,continue
discount-low,discount,low,0.65,17,0.26666666666666666,0.31636166749143146,0.6190798624086213,0.548513816493571,-0.07056604591505033,continue
discount-low,discount,low,0.65,18,0.2833333333333333,0.330823918344627,0.6321638352372021,0.5775644763422374,-0.0545993588949647,continue
discount-low,discount,low,0.65,19,0.3,0.3471840307241996,0.6458123055410118,0.6097252766502406,-0.0360870288907712,continue
discount-low,discount,low,0.65,20,0.31666666666666665,0.3605756378332771,0.660021919536801,0.6382136185955747,-0.021808300941226322,continue
discount-low,discount,low,0.65,21,0.3333333333333333,0.37287456540767583,0.6747798862016413,0.6655817740199037,-0.009198112181737605,continue
discount-low,discount,low,0.65,22,0.35,0.384148684849605,0.6900643668055741,0.6918812024221963,0.0018168356166221589,research
discount-low,discount,low,0.65,23,0.36666666666666664,0.3997021369550133,0.7058454339109657,0.7245886790845475,0.018743245173581835,research
discount-low,discount,low,0.65,24,0.38333333333333336,0.4111861800246531,0.7220865081796721,0.7518684879295463,0.029781979749874177,research
discount-low,discount,low,0.65,25,0.4,0.42322011897700507,0.7387461385364631,0.7802251962460116,0.04147905770954852,research
discount-low,discount,low,0.65,26,0.4166666666666667,0.43912630472720376,0.7557799650695691,0.8144075034232263,0.058627538353657194,research
discount-low,discount,low,0.65,27,0.43333333333333335,0.4534109194543865,0.7731426971453395,0.846540903939782,0.07339820679444253,research
discount-low,discount,low,0.65,28,0.45,0.46739899706854554,0.7907899513055063,0.8784899584499215,0.08770000714441517,research
discount-low,discount,low,0.65,29,0.4666666666666667,0.48037051857252827,0.8086798216633195,0.9091849350861649,0.1005051134228454,research
discount-low,discount,low,0.65,30,0.48333333333333334,0.4949430052542562,0.8267740947891076,0.9423979117568781,0.11562381696777058,research
discount-low,discount,low,0.65,31,0.5,0.5108328775246992,0.8450390654954001,0.9777209526496977,0.13268188715429763,research
discount-low,discount,low,0.65,32,0.5166666666666667,0.5223201811245386,0.8634459534542069,1.0067910855759914,0.14334513212178446,research
discount-low,discount,low,0.65,33,0.5333333333333333,0.535713256379131,0.8819709579676505,1.0387941489175239,0.1568231909498734,research
discount-low,discount,low,0.65,34,0.55,0.5477467424802418,0.9005950156648392,1.0689418690862311,0.16834685342139188,research
discount-low,discount,low,0.65,35,0.5666666666666667,0.5617550770296114,0.9193033413839237,1.102130252091192,0.1828269107072683,research
discount-low,discount,low,0.65,36,0.5833333333333334,0.5767042384133039,0.9380848358223736,1.1368488130121528,0.19876397718977923,research
discount-low,discount,low,0.65,37,0.6,0.5892826739587312,0.9569314361474499,1.1681912193465256,0.21125978319907568,research
discount-low,discount,low,0.65,38,0.6166666666666667,0.6036328048001381,0.9758374703578152,1.202288445971453,0.2264509756136377,research
discount-low,discount,low,0.65,39,0.6333333333333333,0.6172152401838825,0.9947990562147008,1.235370769535507,0.24057171332080618,research
discount-low,discount,low,0.65,40,0.65,0.6288805756629942,1.0138135645894724,1.2657070611130425,0.2518934965235702,research
discount-low,discount,low,0.65,41,0.6666666666666666,0.6455914541271902,1.032879148214749,1.303715772493437,0.27083662427868793,research
discount-low,discount,low,0.65,42,0.6833333333333333,0.6585221627130922,1.051994322233638,1.3361818047421825,0.2841874825085444,research
discount-low,discount,low,0.65,43,0.7,0.6699849652278976,1.0711575735252663,1.3665445240717047,0.2953869505464384,research
discount-low,discount,low,0.65,44,0.7166666666666667,0.6813510665395399,1.090366971214833,1.3968569462613438,0.3064899750465109,research
discount-low,discount,low,0.65,45,0.7333333333333333,0.696858279427878,1.1096197498295028,1.4335371244579693,0.3239173746284665,research
discount-low,discount,low,0.65,46,0.75,0.7133627057651477,1.1289118377704306,1.4718516189720905,0.3429397812016599,research
discount-low,discount,low,0.65,47,0.7666666666666667,0.7275269863363849,1.1482373062339961,1.5067227041145355,0.35848539788053935,research
discount-low,discount,low,0.65,48,0.7833333333333333,0.7417117582708226,1.167587717819237,1.5417203788445424,0.3741326610253053,research
discount-low,discount,low,0.65,49,0.8,0.753937946211948,1.1869513618058938,1.5738055809885696,0.3868542191826758,research
discount-low,discount,low,0.65,50,0.8166666666666667,0.7658531902859276,1.2063123777272717,1.6054708123876833,0.39915843466041157,research
discount-low,discount,low,0.65,51,0.8333333333333334,0.7786305872271734,1.2256497936645194,1.6384988261169635,0.4128490324524441,research
discount-low,discount,low,0.65,52,0.85,0.7909692169330425,1.244936541977956,1.670870759531819,0.4259342175538632,research
discount-low,discount,low,0.65,53,0.8666666666666667,0.806952031668809,1.264138560141263,1.7088601272442963,0.44472156710303334,research
discount-low,discount,low,0.65,54,0.8833333333333333,0.8212451831359248,1.2832141294490995,1.744210674566418,0.4609965451173186,research
discount-low,discount,low,0.65,55,0.9,0.8350923522654333,1.3021136357023553,1.778791442047096,0.4766778063447408,research
discount-low,discount,low,0.65,56,0.9166666666666666,0.8489118396004225,1.3207799371160096,1.8131984554511473,0.4924185183351377,research
discount-low,discount,low,0.65,57,0.9333333333333333,0.862164730730568,1.3391494822700585,1.8465361583220676,0.5073866760520092,research
discount-low,discount,low,0.65,58,0.95,0.8787886157532733,1.357154231289774,1.8848866423968038,0.5277324111070298,research
discount-low,discount,low,0.65,59,0.9666666666666667,0.8900301589998373,1.3747243076433338,1.9145277364600688,0.539803428816735,research
discount-low,discount,low,0.65,60,0.9833333333333333,0.9032597496949837,1.3917911718298628,1.9469009017661085,0.5551097299362457,research
discount-low,discount,low,0.65,61,1.0,0.9199999999999999,1.4082909961308183,1.9843563993563695,0.5760654032255512,research
discount-baseline,discount,baseline,0.82,1,0.0,0.09548687999931915,2.2121120712534768,1.8400147170326349,-0.3720973542208419,continue
discount-baseline,discount,baseline,0.82,2,0.016666666666666666,0.11137103411077165,2.242086479860159,1.9130013484094353,-0.32908513145072393,continue
discount-baseline,discount,baseline,0.82,3,0.03333333333333333,0.12375994072982394,2.2741923738245022,1.9765583284884085,-0.2976340453360937,continue
discount-baseline,discount,baseline,0.82,4,0.05,0.13600582415102874,2.3084125978317673,2.0413234662143895,-0.2670891316173778,continue
discount-baseline,discount,baseline,0.82,5,0.06666666666666667,0.14717489451572713,2.344695110721689,2.104234369483782,-0.24046074123790673,continue
discount-baseline,discount,baseline,0.82,6,0.08333333333333333,0.16018193559213745,2.3829541384280075,2.174487361525914,-0.20846677690209336,continue
discount-baseline,discount,baseline,0.82,7,0.1,0.17612242877214412,2.4230732681501044,2.2554358521567304,-0.167637415993374,continue
discount-baseline,discount,baseline,0.82,8,0.11666666666666667,0.1921643078324491,2.4649102137565633,2.3378793511080813,-0.12703086264848196,continue
discount-baseline,discount,baseline,0.82,9,0.13333333333333333,0.20439337838283295,2.508302828625761,2.4091905730123546,-0.09911225561340631,continue
discount-baseline,discount,baseline,0.82,10,0.15,0.21873317641603707,2.5530758585707813,2.4880726885011972,-0.06500317006958412,continue
discount-baseline,discount,baseline,0.82,11,0.16666666666666666,0.23071193908383975,2.599047912893734,2.5601436118404575,-0.03890430105327658,continue
discount-baseline,discount,baseline,0.82,12,0.18333333333333332,0.24436928057104224,2.6460381710290335,2.63807853189444,-0.0079596391345933,continue
discount-baseline,discount,baseline,0.82,13,0.2,0.26045391925429784,2.693872416079469,2.724068115860788,0.030195699781319085,research
discount-baseline,discount,baseline,0.82,14,0.21666666666666667,0.2758568548719828,2.742388078221193,2.808128910288518,0.06574083206732473,research
discount-baseline,discount,baseline,0.82,15,0.23333333333333334,0.2892714587652356,2.7914380702157158,2.8860502799866907,0.09461220977097495,research
discount-baseline,discount,baseline,0.82,16,0.25,0.30372411369146535,2.840893299316211,2.967277675498691,0.1263843761824801,research
discount-baseline,discount,baseline,0.82,17,0.26666666666666666,0.31636166749143146,2.8906438420748137,3.0427786169254505,0.15213477485063676,research
discount-baseline,discount,baseline,0.82,18,0.2833333333333333,0.330823918344627,2.9405988673443906,3.123898016249078,0.18329914890468757,research
discount-baseline,discount,baseline,0.82,19,0.3,0.3471840307241996,2.990685482038173,3.210772120715439,0.22008663867726597,research
discount-baseline,discount,baseline,0.82,20,0.31666666666666665,0.3605756378332771,3.0408467459156605,3.288205284146007,0.2473585382303467,research
discount-baseline,discount,baseline,0.82,21,0.3333333333333333,0.37287456540767583,3.0910391477121437,3.362054894347021,0.27101574663487726,research
discount-baseline,discount,baseline,0.82,22,0.35,0.384148684849605,3.141229849502257,3.4325392768519367,0.2913094273496797,research
discount-baseline,discount,baseline,0.82,23,0.36666666666666664,0.3997021369550133,3.1913939875466113,3.5160142619940498,0.32462027444743846,research
discount-baseline,discount,baseline,0.82,24,0.38333333333333336,0.4111861800246531,3.241512269137249,3.5867097896865894,0.3451975205493403,research
discount-baseline,discount,baseline,0.82,25,0.4,0.42322011897700507,3.291569033749959,3.658877043541442,0.36730800979148315,research
discount-baseline,discount,baseline,0.82,26,0.4166666666666667,0.43912630472720376,3.3415508639265483,3.7426551671273782,0.4011043032008299,research
discount-baseline,discount,baseline,0.82,27,0.43333333333333335,0.4534109194543865,3.3914457488292187,3.821196862713274,0.4297511138840555,research
discount-baseline,discount,baseline,0.82,28,0.45,0.46739899706854554,3.4412427326430945,3.8985687200552515,0.4573259874121569,research
discount-baseline,discount,baseline,0.82,29,0.4666666666666667,0.48037051857252827,3.4909319296660737,3.972592407173129,0.48166047750705543,research
discount-baseline,discount,baseline,0.82,30,0.48333333333333334,0.4949430052542562,3.5405047628453143,4.051212090962922,0.5107073281176078,research
discount-baseline,discount,baseline,0.82,31,0.5,0.5108328775246992,3.5899542830786224,4.133536377437967,0.543582094359345,research
discount-baseline,discount,baseline,0.82,32,0.5166666666666667,0.5223201811245386,3.63927544896966,4.202314773379795,0.563039324410135,research
discount-baseline,discount,baseline,0.82,33,0.5333333333333333,0.535713256379131,3.6884652838374383,4.27659672694113,0.5881314431036917,research
discount-baseline,discount,baseline,0.82,34,0.55,0.5477467424802418,3.7375228698211527,4.346559281557182,0.6090364117360294,research
discount-baseline,discount,baseline,0.82,35,0.5666666666666667,0.5617550770296114,3.786449179082873,4.422204178479453,0.6357549993965801,research
discount-baseline,discount,baseline,0.82,36,0.5833333333333334,0.5767042384133039,3.8352467722414123,4.500410548408976,0.6651637761675633,research
discount-baseline,discount,baseline,0.82,37,0.6,0.5892826739587312,3.88391941000582,4.571310535677715,0.687391125671895,research
discount-baseline,discount,baseline,0.82,38,0.6166666666666667,0.6036328048001381,3.9324716247013396,4.64725611029257,0.7147844855912306,research
discount-baseline,discount,baseline,0.82,39,0.6333333333333333,0.6172152401838825,3.9809082864144876,4.720694528551055,0.7397862421365677,research
discount-baseline,discount,baseline,0.82,40,0.65,0.6288805756629942,4.0292341785540415,4.788248878581394,0.7590147000273522,research
discount-baseline,discount,baseline,0.82,41,0.6666666666666666,0.6455914541271902,4.0774535753545855,4.870492880088905,0.7930393047343198,research
discount-baseline,discount,baseline,0.82,42,0.6833333333333333,0.6585221627130922,4.125569794237344,4.941362340750684,0.8157925465133404,research
discount-baseline,discount,baseline,0.82,43,0.7,0.6699849652278976,4.173584682150995,5.007721365074585,0.8341366829235897,research
discount-baseline,discount,baseline,0.82,44,0.7166666666666667,0.6813510665395399,4.2214979878458765,5.073615447652976,0.8521174598070997,research
discount-baseline,discount,baseline,0.82,45,0.7333333333333333,0.696858279427878,4.269306570316483,5.151433678949742,0.8821271086332585,research
discount-baseline,discount,baseline,0.82,46,0.75,0.7133627057651477,4.317003395484319,5.231923138428709,0.9149197429443898,research
discount-baseline,discount,baseline,0.82,47,0.7666666666666667,0.7275269863363849,4.36457627774491,5.305342825623445,0.9407665478785345,research
discount-baseline,discount,baseline,0.82,48,0.7833333333333333,0.7417117582708226,4.412006332146754,5.378581640859474,0.96657530871272,research
discount-baseline,discount,baseline,0.82,49,0.8,0.753937946211948,4.4592661220554835,5.445883649945714,0.9866175278902309,research
discount-baseline,discount,baseline,0.82,50,0.8166666666666667,0.7658531902859276,4.506317524081828,5.51202495051126,1.0057074264294323,research
discount-baseline,discount,baseline,0.82,51,0.8333333333333334,0.7786305872271734,4.55310939426689,5.580362638479031,1.0272532442121403,research
discount-baseline,discount,baseline,0.82,52,0.85,0.7909692169330425,4.5995752092605375,5.647086092854746,1.0475108835942084,research
discount-baseline,discount,baseline,0.82,53,0.8666666666666667,0.806952031668809,4.645630965278171,5.723885589853515,1.0782546245753437,research
discount-baseline,discount,baseline,0.82,54,0.8833333333333333,0.8212451831359248,4.691173723855762,5.795316071592603,1.1041423477368406,research
discount-baseline,discount,baseline,0.82,55,0.9,0.8350923522654333,4.736081261914677,5.8648814613709535,1.1288001994562764,research
discount-baseline,discount,baseline,0.82,56,0.9166666666666666,0.8489118396004225,4.780213274345332,5.933684760883925,1.153471486538593,research
discount-baseline,discount,baseline,0.82,57,0.9333333333333333,0.862164730730568,4.8234144590119135,6.000077191439032,1.1766627324271184,research
discount-baseline,discount,baseline,0.82,58,0.95,0.8787886157532733,4.8655195807445,6.075170036881984,1.2096504561374832,research
discount-baseline,discount,baseline,0.82,59,0.9666666666666667,0.8900301589998373,4.906360293235361,6.133895928202476,1.227535634967115,research
discount-baseline,discount,baseline,0.82,60,0.9833333333333333,0.9032597496949837,4.945773162389311,6.19714997415967,1.251376811770359,research
discount-baseline,discount,baseline,0.82,61,1.0,0.9199999999999999,4.983608067307907,6.269119127584932,1.2855110602770248,research
discount-high,discount,high,0.94,1,0.0,0.09548687999931915,15.951737742886092,15.315579381244502,-0.6361583616415896,continue
discount-high,discount,high,0.94,2,0.016666666666666666,0.11137103411077165,16.03274029305855,15.487403939069486,-0.5453363539890628,continue
discount-high,discount,high,0.94,3,0.03333333333333333,0.12375994072982394,16.1190264416291,15.640549542172485,-0.47847689945661465,continue
discount-high,discount,high,0.94,4,0.05,0.13600582415102874,16.210335795741166,15.796227301819963,-0.4141084939212032,continue
discount-high,discount,high,0.94,5,0.06666666666666667,0.14717489451572713,16.306309168351103,15.94816102103621,-0.35814814731489264,continue
discount-high,discount,high,0.94,6,0.08333333333333333,0.16018193559213745,16.40650373181848,16.114181726805956,-0.29232200501252237,continue
discount-high,discount,high,0.94,7,0.1,0.17612242877214412,16.510413487430533,16.30029584730774,-0.21011764012279244,continue
discount-high,discount,high,0.94,8,0.11666666666666667,0.1921643078324491,16.61749292352515,16.488136308775655,-0.12935661474949356,continue
discount-high,discount,high,0.94,9,0.13333333333333333,0.20439337838283295,16.727181490150553,16.653289994794513,-0.07389149535604034,continue
discount-high,discount,high,0.94,10,0.15,0.21873317641603707,16.838926673606416,16.831604004882802,-0.007322668723613646,continue
discount-high,discount,high,0.94,11,0.16666666666666666,0.23071193908383975,16.952203917983613,16.995509949585013,0.04330603160140001,research
discount-high,discount,high,0.94,12,0.18333333333333332,0.24436928057104224,17.066532265386805,17.168947707652556,0.10241544226575172,research
discount-high,discount,high,0.94,13,0.2,0.26045391925429784,17.18148522311294,17.3557071127374,0.17422188962445873,research
discount-high,discount,high,0.94,14,0.21666666666666667,0.2758568548719828,17.29669690592501,17.536998099469308,0.24030119354429758,research
discount-high,discount,high,0.94,15,0.23333333333333334,0.2892714587652356,17.411863892155566,17.70516594515983,0.2933020530042647,research
discount-high,discount,high,0.94,16,0.25,0.30372411369146535,17.526743470604544,17.877679874469084,0.35093640386454084,research
discount-high,discount,high,0.94,17,0.26666666666666666,0.31636166749143146,17.64114906820861,18.038089383462378,0.3969403152537687,research
discount-high,discount,high,0.94,18,0.2833333333333333,0.330823918344627,17.754943673260726,18.20705079328611,0.452107120025385,research
discount-high,discount,high,0.94,19,0.3,0.3471840307241996,17.868032038043808,18.384651216310615,0.5166191782668079,research
discount-high,discount,high,0.94,20,0.31666666666666665,0.3605756378332771,17.980352379758905,18.543754813806203,0.5634024340472976,research
discount-high,discount,high,0.94,21,0.3333333333333333,0.37287456540767583,18.091868210569864,18.695068971815832,0.6032007612459687,research
discount-high,discount,high,0.94,22,0.35,0.384148684849605,18.202560820546726,18.83914008391391,0.6365792633671852,research
discount-high,discount,high,0.94,23,0.36666666666666664,0.3997021369550133,18.31242281308363,19.00461448290147,0.6921916698178414,research
discount-high,discount,high,0.94,24,0.38333333333333336,0.4111861800246531,18.421452954271032,19.146485160780895,0.7250322065098622,research
discount-high,discount,high,0.94,25,0.4,0.42322011897700507,18.52965245244392,19.289721763563904,0.7600693111199845,research
discount-high,discount,high,0.94,26,0.4166666666666667,0.43912630472720376,18.637022642069997,19.45164828134449,0.8146256392744924,research
discount-high,discount,high,0.94,27,0.43333333333333335,0.4534109194543865,18.743563919923087,19.603290903442797,0.8597269835197103,research
discount-high,discount,high,0.94,28,0.45,0.46739899706854554,18.84927568370775,19.751711483088798,0.902435799381049,research
discount-high,discount,high,0.94,29,0.4666666666666667,0.48037051857252827,18.954156963917054,19.89331178449471,0.9391548205776559,research
discount-high,discount,high,0.94,30,0.48333333333333334,0.4949430052542562,19.05820742374477,20.04148251908957,0.9832750953448013,research
discount-high,discount,high,0.94,31,0.5,0.5108328775246992,19.161428428111563,20.19463230167392,1.033203873562357,research
discount-high,discount,high,0.94,32,0.5166666666666667,0.5223201811245386,19.263823943706356,20.324200914570405,1.0603769708640485,research
discount-high,discount,high,0.94,33,0.5333333333333333,0.535713256379131,19.36540111467167,20.461864403186205,1.096463288514535,research
discount-high,discount,high,0.94,34,0.55,0.5477467424802418,19.466170447640405,20.59145609734385,1.1252856497034465,research
discount-high,discount,high,0.94,35,0.5666666666666667,0.5617550770296114,19.566145619839904,20.729349827988486,1.1632042081485814,research
discount-high,discount,high,0.94,36,0.5833333333333334,0.5767042384133039,19.665342982496444,20.87037509525947,1.2050321127630248,research
discount-high,discount,high,0.94,37,0.6,0.5892826739587312,19.763780861595723,20.99864433955694,1.2348634779612162,research
discount-high,discount,high,0.94,38,0.6166666666666667,0.6036328048001381,19.861478758243173,21.134093147414692,1.272614389171519,research
discount-high,discount,high,0.94,39,0.6333333333333333,0.6172152401838825,19.95845652636983,21.264616396615384,1.3061598702455548,research
discount-high,discount,high,0.94,40,0.65,0.6288805756629942,20.054733565507394,21.384963158065055,1.3302295925576608,research
discount-high,discount,high,0.94,41,0.6666666666666666,0.6455914541271902,20.150328021599844,21.527631505308534,1.3773034837086904,research
discount-high,discount,high,0.94,42,0.6833333333333333,0.6585221627130922,20.2452559489751,21.65152968999624,1.4062737410211419,research
discount-high,discount,high,0.94,43,0.7,0.6699849652278976,20.339530357939903,21.767628560288017,1.4280982023481137,research
discount-high,discount,high,0.94,44,0.7166666666666667,0.6813510665395399,20.433160056932767,21.88231115520018,1.4491510982674143,research
discount-high,discount,high,0.94,45,0.7333333333333333,0.696858279427878,20.52614819406515,22.014678231970105,1.4885300379049546,research
discount-high,discount,high,0.94,46,0.75,0.7133627057651477,20.618490407092036,22.15029127815582,1.5318008710637834,research
discount-high,discount,high,0.94,47,0.7666666666666667,0.7275269863363849,20.710172502015066,22.274252512861942,1.564080010846876,research
discount-high,discount,high,0.94,48,0.7833333333333333,0.7417117582708226,20.80116760195735,22.397184372428146,1.596016770470797,research
discount-high,discount,high,0.94,49,0.8,0.753937946211948,20.891432748893262,22.510407374973592,1.6189746260803304,research
discount-high,discount,high,0.94,50,0.8166666666666667,0.7658531902859276,20.980905014632487,22.62123199341598,1.6403269787834915,research
discount-high,discount,high,0.94,51,0.8333333333333334,0.7786305872271734,21.06949729615095,22.73470429830469,1.665207002153739,research
discount-high,discount,high,0.94,52,0.85,0.7909692169330425,21.157094136031667,22.845100106339512,1.6880059703078452,research
discount-high,discount,high,0.94,53,0.8666666666666667,0.806952031668809,21.243548104434446,22.96977314018135,1.7262250357469036,research
discount-high,discount,high,0.94,54,0.8833333333333333,0.8212451831359248,21.328677462904277,23.08571788343952,1.757040420535244,research
discount-high,discount,high,0.94,55,0.9,0.8350923522654333,21.412265938709343,23.198173269123963,1.78590733041462,research
discount-high,discount,high,0.94,56,0.9166666666666666,0.8489118396004225,21.49406540018305,23.30876908816616,1.8147036879831084,research
discount-high,discount,high,0.94,57,0.9333333333333333,0.862164730730568,21.573801985952965,23.41509394834249,1.8412919623895263,research
discount-high,discount,high,0.94,58,0.95,0.8787886157532733,21.651185798663974,23.533294162506046,1.8821083638420717,research
discount-high,discount,high,0.94,59,0.9666666666666667,0.8900301589998373,21.725923688554488,23.62695373627874,1.9010300477242517,research
discount-high,discount,high,0.94,60,0.9833333333333333,0.9032597496949837,21.797734049134732,23.72642125297459,1.928687203839857,research
discount-high,discount,high,0.94,61,1.0,0.9199999999999999,21.86636208244391,23.837618574584027,1.9712564921401174,research
